pais,album,genero,plan,oyentes_mensuales_m,streams_totales_m,horas_reportadas_m,duracion_prom_min,streams_30d_m,skip_rate_pct,artista,anio_lanzamiento,horas_esperadas_m
Argentina,1989 (Taylor's Version),Pop,Free,25.11,673.32,2443.58,2.64,117.69,32.71,Taylor Swift,2020,29.63
Argentina,After Hours,Pop,Free,6.8,4958.08,17645.14,4.03,194.82,4.91,The Weeknd,2023,333.02
Argentina,After Hours,Pop,Premium,88.68,1937.79,7930.24,2.73,108.51,12.03,The Weeknd,2023,88.17
Argentina,Austin,Classical,Premium,77.79,1932.87,8344.22,3.09,61.77,25.22,Post Malone,2019,99.54
Argentina,Austin,EDM,Free,82.34,1248.87,4552.31,3.9,4.77,13.23,Post Malone,2019,81.18
Argentina,Austin,Indie,Premium,66.89,4081.55,13292.66,3.97,26.34,29.42,Post Malone,2019,270.06
Argentina,Austin,Pop,Free,21.4,549.44,1410.5,3.7,49.7,2.73,Post Malone,2019,33.88
Argentina,BORN PINK,Classical,Premium,59.11,1772.23,7427.48,3.73,183.82,24.02,BLACKPINK,2021,110.17
Argentina,BORN PINK,Reggaeton,Premium,18.9,3479.59,13046.66,4.31,9.69,15.21,BLACKPINK,2021,249.95
Argentina,Eternal Sunshine,K-pop,Free,27.47,2014.64,6539.73,3.31,198.06,9.81,Ariana Grande,2020,111.14
Argentina,Eternal Sunshine,Pop,Premium,65.27,2634.12,8536.54,2.59,46.67,32.29,Ariana Grande,2020,113.71
Argentina,Eternal Sunshine,Rock,Premium,82.55,4906.61,12352.92,3.84,48.83,26.05,Ariana Grande,2020,314.02
Argentina,For All The Dogs,K-pop,Free,64.0,2570.93,7304.2,3.28,103.34,25.19,Drake,2018,140.54
Argentina,Future Nostalgia,Jazz,Premium,97.14,4310.86,10876.14,3.94,153.95,14.27,Dua Lipa,2023,283.08
Argentina,Future Nostalgia,K-pop,Free,23.92,3549.43,13863.99,3.41,184.86,31.73,Dua Lipa,2023,201.73
Argentina,Future Nostalgia,Rock,Free,22.72,2083.3,5802.87,3.67,125.02,20.92,Dua Lipa,2023,127.43
Argentina,Guts,Classical,Premium,82.7,190.45,493.44,3.78,130.57,30.91,Olivia Rodrigo,2022,12.0
Argentina,Happier Than Ever,Reggaeton,Free,14.9,838.15,3044.76,3.63,147.45,19.86,Billie Eilish,2019,50.71
Argentina,MAÑANA SERÁ BONITO,Hip Hop,Free,62.93,1360.0,3620.83,2.98,32.15,16.93,Karol G,2019,67.55
Argentina,Nadie Sabe Lo Que Va a Pasar Mañana,K-pop,Premium,31.68,2580.96,7501.29,4.12,78.76,25.74,Bad Bunny,2019,177.23
Argentina,SOS,R&B,Free,40.39,1747.15,5395.81,4.11,83.14,28.3,SZA,2022,119.68
Argentina,Scarlet,Hip Hop,Free,45.23,3533.64,9386.07,3.63,165.93,36.21,Doja Cat,2022,213.79
Argentina,Scarlet,Jazz,Premium,83.23,2761.97,11861.05,3.99,90.56,30.32,Doja Cat,2022,183.67
Argentina,Scarlet,K-pop,Free,79.2,2773.29,7337.46,3.92,191.44,21.3,Doja Cat,2022,181.19
Argentina,Scarlet,K-pop,Premium,55.31,1223.84,4213.3,3.73,37.6,17.53,Doja Cat,2022,76.08
Argentina,Scarlet,Rock,Free,91.24,3537.91,13427.31,4.01,155.45,38.61,Doja Cat,2022,236.45
Australia,1989 (Taylor's Version),EDM,Premium,72.72,1290.95,3329.33,3.91,109.0,20.11,Taylor Swift,2020,84.13
Australia,After Hours,EDM,Premium,55.86,4631.59,16582.25,3.82,48.27,2.94,The Weeknd,2023,294.88
Australia,Austin,Reggaeton,Free,79.25,180.11,649.84,3.24,122.78,4.36,Post Malone,2019,9.73
Australia,Autumn Variations,Jazz,Premium,17.29,4279.71,14481.17,3.86,19.1,20.9,Ed Sheeran,2019,275.33
Australia,Future Nostalgia,Indie,Premium,96.49,4845.19,14937.22,3.89,193.58,31.5,Dua Lipa,2023,314.13
Australia,Guts,Indie,Premium,5.53,4327.22,17233.17,2.53,59.74,8.65,Olivia Rodrigo,2022,182.46
Australia,Guts,K-pop,Free,28.69,3000.97,12784.78,3.61,18.04,29.08,Olivia Rodrigo,2022,180.56
Australia,MAÑANA SERÁ BONITO,Indie,Premium,36.86,816.15,3103.94,3.01,113.37,24.86,Karol G,2019,40.94
Australia,MAÑANA SERÁ BONITO,K-pop,Free,99.52,3266.9,11029.71,3.54,50.33,3.5,Karol G,2019,192.75
Australia,Nadie Sabe Lo Que Va a Pasar Mañana,Pop,Premium,25.24,2401.92,10086.8,2.65,177.34,23.45,Bad Bunny,2019,106.08
Australia,Proof,Reggaeton,Free,68.66,774.82,2033.18,4.07,150.97,2.26,BTS,2023,52.56
Australia,Scarlet,EDM,Premium,90.58,2941.19,11444.31,4.21,95.92,37.77,Doja Cat,2022,206.37
Brazil,1989 (Taylor's Version),K-pop,Free,83.66,2766.58,10940.36,3.56,155.46,10.27,Taylor Swift,2020,164.15
Brazil,After Hours,Hip Hop,Premium,94.76,3256.16,9143.11,4.37,102.27,11.66,The Weeknd,2023,237.16
Brazil,After Hours,Indie,Premium,17.62,4432.34,11867.38,3.92,89.88,11.34,The Weeknd,2023,289.58
Brazil,After Hours,R&B,Premium,60.6,2828.16,11120.44,3.9,44.87,23.98,The Weeknd,2023,183.83
Brazil,Austin,Jazz,Premium,22.57,2176.73,6364.11,3.04,68.21,23.54,Post Malone,2019,110.29
Brazil,Autumn Variations,Hip Hop,Premium,19.51,1663.63,5681.46,3.02,106.02,25.93,Ed Sheeran,2019,83.74
Brazil,Autumn Variations,Pop,Free,44.74,2937.22,8283.33,3.72,155.99,22.22,Ed Sheeran,2019,182.11
Brazil,BORN PINK,Classical,Free,52.76,4676.8,13602.56,3.93,53.86,6.1,BLACKPINK,2021,306.33
Brazil,BORN PINK,Classical,Premium,55.0,1640.0,4362.63,3.82,89.74,28.99,BLACKPINK,2021,104.41
Brazil,BORN PINK,Hip Hop,Premium,98.19,2413.4,10550.54,2.51,47.87,30.4,BLACKPINK,2021,100.96
Brazil,BORN PINK,K-pop,Free,34.61,1698.69,4817.94,3.52,106.59,8.56,BLACKPINK,2021,99.66
Brazil,Eternal Sunshine,Indie,Premium,47.89,2659.82,7175.59,4.06,167.78,15.86,Ariana Grande,2020,179.98
Brazil,Eternal Sunshine,R&B,Premium,67.23,1110.47,3070.03,4.37,49.36,19.45,Ariana Grande,2020,80.88
Brazil,Eternal Sunshine,Rock,Free,20.03,4215.62,17429.49,4.16,194.95,28.87,Ariana Grande,2020,292.28
Brazil,For All The Dogs,Pop,Free,94.95,4637.31,19650.62,4.14,69.31,32.37,Drake,2018,319.97
Brazil,Future Nostalgia,Indie,Premium,34.0,3367.16,14194.15,3.16,58.36,37.86,Dua Lipa,2023,177.34
Brazil,Future Nostalgia,Reggaeton,Premium,45.07,484.56,1872.27,4.19,133.9,28.67,Dua Lipa,2023,33.84
Brazil,Guts,Classical,Premium,89.43,3537.3,11894.69,3.81,32.26,4.95,Olivia Rodrigo,2022,224.62
Brazil,Happier Than Ever,Pop,Free,41.12,1916.99,6617.47,3.77,17.45,33.97,Billie Eilish,2019,120.45
Brazil,MAÑANA SERÁ BONITO,Jazz,Premium,18.8,2947.97,12642.83,3.59,83.3,18.58,Karol G,2019,176.39
Brazil,Nadie Sabe Lo Que Va a Pasar Mañana,Reggaeton,Premium,38.92,806.39,2361.03,3.33,108.98,17.22,Bad Bunny,2019,44.75
Brazil,Proof,Classical,Free,41.46,985.65,3862.07,4.08,104.43,15.63,BTS,2023,67.02
Brazil,Proof,EDM,Free,95.39,1231.26,3680.19,4.35,91.22,24.74,BTS,2023,89.27
Brazil,Proof,Jazz,Free,64.71,1675.96,4618.25,3.91,129.56,17.51,BTS,2023,109.22
Brazil,Proof,Pop,Free,12.39,4253.44,16145.8,3.85,186.05,29.88,BTS,2023,272.93
Brazil,Proof,Rock,Premium,75.3,2870.76,11013.32,3.17,170.34,8.09,BTS,2023,151.67
Brazil,SOS,Hip Hop,Premium,61.22,375.13,1144.16,3.77,76.8,24.3,SZA,2022,23.57
Brazil,Scarlet,Pop,Free,41.83,4220.6,12505.08,3.91,44.53,18.78,Doja Cat,2022,275.04
Canada,1989 (Taylor's Version),Classical,Free,27.42,2856.86,8461.51,2.96,72.49,27.84,Taylor Swift,2020,140.94
Canada,Austin,Reggaeton,Free,3.45,3695.99,11695.48,4.36,54.09,31.71,Post Malone,2019,268.58
Canada,Eternal Sunshine,EDM,Premium,96.96,3206.23,13648.98,3.96,189.5,9.45,Ariana Grande,2020,211.61
Canada,For All The Dogs,Classical,Free,67.85,1214.26,3326.8,4.28,116.2,2.55,Drake,2018,86.62
Canada,For All The Dogs,EDM,Premium,48.78,2866.27,9677.46,3.72,122.66,34.64,Drake,2018,177.71
Canada,For All The Dogs,K-pop,Free,35.96,2005.96,7366.21,3.54,183.92,22.43,Drake,2018,118.35
Canada,For All The Dogs,Rock,Premium,98.78,1530.81,6772.39,3.88,169.22,8.77,Drake,2018,98.99
Canada,Future Nostalgia,Classical,Free,74.81,2977.78,8966.1,3.4,150.1,21.38,Dua Lipa,2023,168.74
Canada,Future Nostalgia,Hip Hop,Free,62.25,4657.7,20931.45,3.75,71.75,7.0,Dua Lipa,2023,291.11
Canada,Future Nostalgia,Hip Hop,Premium,52.3,1612.47,4058.32,3.85,116.62,13.69,Dua Lipa,2023,103.47
Canada,Future Nostalgia,Rock,Premium,99.19,2167.61,9735.58,4.32,32.64,37.38,Dua Lipa,2023,156.07
Canada,Guts,EDM,Premium,19.47,270.85,915.33,3.03,113.29,6.89,Olivia Rodrigo,2022,13.68
Canada,Guts,Hip Hop,Free,53.76,3611.23,10357.98,4.18,145.69,30.85,Olivia Rodrigo,2022,251.58
Canada,Guts,Indie,Premium,95.55,1378.13,5465.85,3.25,37.39,16.63,Olivia Rodrigo,2022,74.65
Canada,Happier Than Ever,Hip Hop,Free,52.03,3183.06,10091.5,4.14,134.89,9.76,Billie Eilish,2019,219.63
Canada,Happier Than Ever,K-pop,Premium,47.88,621.77,2530.45,3.44,19.14,22.22,Billie Eilish,2019,35.65
Canada,MAÑANA SERÁ BONITO,Classical,Premium,73.32,685.49,2244.85,3.7,101.32,16.0,Karol G,2019,42.27
Canada,MAÑANA SERÁ BONITO,Indie,Free,60.06,390.77,1272.51,2.76,41.27,34.52,Karol G,2019,17.98
Canada,MAÑANA SERÁ BONITO,Rock,Premium,45.27,3647.73,15769.92,3.73,55.64,39.22,Karol G,2019,226.77
Canada,Nadie Sabe Lo Que Va a Pasar Mañana,R&B,Premium,32.48,3703.62,11916.64,3.68,189.56,22.98,Bad Bunny,2019,227.16
Canada,SOS,Indie,Free,87.26,4320.23,12201.4,2.79,84.5,13.07,SZA,2022,200.89
Canada,Scarlet,Classical,Premium,85.85,3254.53,12547.48,3.04,103.14,34.72,Doja Cat,2022,164.9
Canada,Scarlet,Pop,Free,36.66,3399.99,11396.73,2.73,2.92,6.4,Doja Cat,2022,154.7
Canada,Scarlet,Pop,Premium,11.6,998.5,2559.79,3.78,131.93,21.51,Doja Cat,2022,62.91
France,1989 (Taylor's Version),Hip Hop,Free,33.7,2388.4,9224.92,2.77,81.97,37.47,Taylor Swift,2020,110.26
France,1989 (Taylor's Version),Rock,Premium,38.91,792.92,3458.97,4.21,45.68,10.68,Taylor Swift,2020,55.64
France,After Hours,Indie,Free,13.76,1948.57,7165.56,2.83,60.34,12.34,The Weeknd,2023,91.91
France,Austin,EDM,Free,97.48,4101.21,15285.81,3.79,122.19,26.66,Post Malone,2019,259.06
France,Autumn Variations,Indie,Free,64.03,3123.41,12042.4,3.94,126.02,36.23,Ed Sheeran,2019,205.1
France,Autumn Variations,Jazz,Free,68.85,889.03,2700.73,3.04,13.59,17.95,Ed Sheeran,2019,45.04
France,Autumn Variations,Jazz,Premium,38.13,2773.68,11064.64,3.22,90.05,16.49,Ed Sheeran,2019,148.85
France,BORN PINK,Classical,Premium,26.1,2416.17,8619.51,2.89,125.97,15.86,BLACKPINK,2021,116.38
France,BORN PINK,R&B,Free,16.12,4854.16,20967.4,3.16,42.14,6.4,BLACKPINK,2021,255.65
France,Eternal Sunshine,EDM,Free,20.41,4010.19,15948.86,3.45,36.14,20.48,Ariana Grande,2020,230.59
France,For All The Dogs,K-pop,Premium,60.44,649.22,2900.51,4.07,107.02,26.8,Drake,2018,44.04
France,For All The Dogs,Rock,Free,80.32,2268.09,9555.87,3.39,196.15,30.06,Drake,2018,128.15
France,Future Nostalgia,Classical,Premium,75.49,3929.81,11663.7,2.98,180.89,8.57,Dua Lipa,2023,195.18
France,Guts,Reggaeton,Premium,1.28,4299.11,11991.83,2.76,159.9,5.29,Olivia Rodrigo,2022,197.76
France,Happier Than Ever,Hip Hop,Free,78.23,4426.47,14663.81,3.74,185.23,10.23,Billie Eilish,2019,275.92
France,MAÑANA SERÁ BONITO,Hip Hop,Premium,26.97,1257.88,4659.15,3.04,128.94,20.33,Karol G,2019,63.73
France,Nadie Sabe Lo Que Va a Pasar Mañana,EDM,Free,48.65,4330.02,18640.24,2.83,197.08,11.34,Bad Bunny,2019,204.23
France,Nadie Sabe Lo Que Va a Pasar Mañana,Rock,Premium,27.72,4630.69,17950.05,2.94,168.73,31.26,Bad Bunny,2019,226.9
France,Proof,Jazz,Premium,6.53,4982.14,14641.63,4.19,71.61,33.73,BTS,2023,347.92
France,Scarlet,K-pop,Free,23.69,4182.96,17454.11,3.21,24.86,4.06,Doja Cat,2022,223.79
France,Scarlet,Pop,Premium,40.72,377.63,1633.73,3.63,43.31,20.47,Doja Cat,2022,22.85
Germany,1989 (Taylor's Version),EDM,Premium,34.59,4315.28,12934.24,2.88,28.9,8.16,Taylor Swift,2020,207.13
Germany,1989 (Taylor's Version),K-pop,Free,23.1,3695.53,14240.35,4.28,118.51,2.24,Taylor Swift,2020,263.61
Germany,1989 (Taylor's Version),R&B,Premium,64.26,3132.91,8225.81,4.17,119.75,1.64,Taylor Swift,2020,217.74
Germany,1989 (Taylor's Version),Reggaeton,Free,14.9,3598.44,14189.07,2.71,38.32,37.28,Taylor Swift,2020,162.53
Germany,Austin,Hip Hop,Free,17.47,1532.36,3919.62,3.15,59.38,15.62,Post Malone,2019,80.45
Germany,Autumn Variations,R&B,Free,70.25,3846.15,10906.06,3.71,155.78,7.39,Ed Sheeran,2019,237.82
Germany,BORN PINK,Pop,Free,23.02,4092.1,13997.46,3.11,45.36,26.74,BLACKPINK,2021,212.11
Germany,For All The Dogs,Indie,Premium,41.98,3794.46,11212.73,2.62,163.86,17.33,Drake,2018,165.69
Germany,For All The Dogs,Reggaeton,Premium,31.12,3538.29,13115.04,2.93,30.52,28.74,Drake,2018,172.79
Germany,MAÑANA SERÁ BONITO,Hip Hop,Free,45.38,1842.09,6792.4,3.4,189.14,2.69,Karol G,2019,104.39
Germany,MAÑANA SERÁ BONITO,Rock,Free,36.93,2642.9,8637.46,4.08,76.36,15.84,Karol G,2019,179.72
Germany,MAÑANA SERÁ BONITO,Rock,Premium,69.87,3533.65,11637.24,2.98,155.33,15.85,Karol G,2019,175.5
Germany,Nadie Sabe Lo Que Va a Pasar Mañana,Hip Hop,Free,45.51,1604.46,4398.58,3.22,90.93,19.07,Bad Bunny,2019,86.11
Germany,Nadie Sabe Lo Que Va a Pasar Mañana,Jazz,Premium,1.73,374.09,1436.76,4.05,167.3,9.02,Bad Bunny,2019,25.25
Germany,Proof,K-pop,Premium,45.18,4982.01,15300.52,4.33,40.84,6.29,BTS,2023,359.54
Germany,SOS,Indie,Premium,24.71,1242.31,4515.44,2.66,163.39,39.14,SZA,2022,55.08
Germany,SOS,Reggaeton,Free,12.43,579.83,2091.13,3.04,143.8,8.94,SZA,2022,29.38
Germany,Scarlet,EDM,Free,22.32,359.1,1322.54,3.36,45.36,27.42,Doja Cat,2022,20.11
Germany,Scarlet,R&B,Premium,30.75,3731.43,15105.06,3.14,121.39,4.48,Doja Cat,2022,195.28
India,1989 (Taylor's Version),Indie,Premium,70.67,2630.8,10942.27,4.17,116.15,23.24,Taylor Swift,2020,182.84
India,Austin,EDM,Premium,29.36,3577.51,14432.46,3.35,17.4,21.93,Post Malone,2019,199.74
India,Autumn Variations,Classical,Free,66.27,127.87,455.78,3.32,106.35,11.71,Ed Sheeran,2019,7.08
India,Autumn Variations,Jazz,Free,75.05,332.97,1221.45,3.51,12.32,20.81,Ed Sheeran,2019,19.48
India,BORN PINK,K-pop,Free,62.69,2989.92,7761.6,2.72,10.6,5.52,BLACKPINK,2021,135.54
India,BORN PINK,Pop,Free,95.07,1151.64,4425.38,2.91,14.16,37.16,BLACKPINK,2021,55.85
India,BORN PINK,Pop,Premium,92.2,4317.44,15765.21,3.65,58.61,16.8,BLACKPINK,2021,262.64
India,Eternal Sunshine,EDM,Free,9.42,2534.02,10256.83,2.76,96.7,8.73,Ariana Grande,2020,116.56
India,For All The Dogs,EDM,Premium,51.8,3762.0,10608.74,2.56,7.92,3.62,Drake,2018,160.51
India,Future Nostalgia,Classical,Premium,19.64,3044.78,10665.06,4.42,21.6,36.07,Dua Lipa,2023,224.3
India,Future Nostalgia,Reggaeton,Premium,42.13,2841.36,10278.89,3.85,144.93,16.44,Dua Lipa,2023,182.32
India,Guts,K-pop,Premium,64.82,4887.97,13102.66,3.69,93.08,22.62,Olivia Rodrigo,2022,300.61
India,MAÑANA SERÁ BONITO,Hip Hop,Free,8.72,1118.71,3959.08,2.7,106.8,8.39,Karol G,2019,50.34
India,Proof,Classical,Free,52.24,4967.39,15417.21,3.1,43.75,13.28,BTS,2023,256.65
India,Proof,Jazz,Free,32.61,2846.32,8976.33,3.9,11.05,29.53,BTS,2023,185.01
India,Proof,Pop,Free,26.85,568.39,1809.54,4.28,146.67,22.33,BTS,2023,40.55
India,Proof,R&B,Premium,79.32,4434.66,13885.77,3.12,197.84,22.18,BTS,2023,230.6
India,Proof,Reggaeton,Premium,86.74,1285.9,5044.32,4.16,98.4,23.52,BTS,2023,89.16
India,Proof,Rock,Free,88.35,3288.59,11316.61,3.57,86.75,35.42,BTS,2023,195.67
India,Proof,Rock,Premium,58.38,3675.18,9850.46,3.09,35.95,6.15,BTS,2023,189.27
India,SOS,R&B,Free,54.25,4919.96,12686.13,3.27,38.78,18.14,SZA,2022,268.14
India,SOS,Reggaeton,Premium,88.34,920.15,3992.78,4.49,157.8,8.27,SZA,2022,68.86
Indonesia,Austin,Classical,Premium,68.78,1459.15,5815.96,4.12,38.41,3.67,Post Malone,2019,100.19
Indonesia,Autumn Variations,Indie,Free,87.54,2229.52,7919.04,3.41,82.59,26.54,Ed Sheeran,2019,126.71
Indonesia,Autumn Variations,Jazz,Premium,43.93,3449.56,9546.93,4.49,72.49,8.35,Ed Sheeran,2019,258.14
Indonesia,Autumn Variations,R&B,Premium,15.21,2174.73,8110.91,2.98,38.28,27.06,Ed Sheeran,2019,108.01
Indonesia,Eternal Sunshine,Indie,Free,30.7,2832.59,10298.36,3.3,12.95,32.74,Ariana Grande,2020,155.79
Indonesia,For All The Dogs,K-pop,Free,97.53,3156.29,11022.7,3.52,100.42,23.11,Drake,2018,185.17
Indonesia,Future Nostalgia,Pop,Premium,25.67,4249.26,14502.4,4.1,190.06,35.77,Dua Lipa,2023,290.37
Indonesia,Future Nostalgia,Rock,Free,50.24,495.74,1629.24,3.41,43.81,14.76,Dua Lipa,2023,28.17
Indonesia,Guts,EDM,Premium,65.31,1285.58,3505.64,3.97,104.03,36.63,Olivia Rodrigo,2022,85.06
Indonesia,Guts,Hip Hop,Premium,54.86,3942.74,13859.7,2.54,9.66,16.09,Olivia Rodrigo,2022,166.91
Indonesia,Guts,Reggaeton,Free,64.34,950.72,4214.09,3.37,166.45,21.21,Olivia Rodrigo,2022,53.4
Indonesia,Happier Than Ever,EDM,Free,60.95,928.24,3994.42,3.7,19.54,26.72,Billie Eilish,2019,57.24
Indonesia,Happier Than Ever,K-pop,Premium,81.01,2713.96,9409.29,3.37,65.14,10.57,Billie Eilish,2019,152.43
Indonesia,Happier Than Ever,R&B,Free,62.91,935.54,3740.65,3.33,153.49,23.49,Billie Eilish,2019,51.92
Indonesia,Nadie Sabe Lo Que Va a Pasar Mañana,EDM,Premium,54.17,505.13,1486.29,2.93,66.88,12.45,Bad Bunny,2019,24.67
Indonesia,Nadie Sabe Lo Que Va a Pasar Mañana,Indie,Premium,32.53,1995.13,7447.82,4.19,101.96,20.88,Bad Bunny,2019,139.33
Indonesia,Nadie Sabe Lo Que Va a Pasar Mañana,Jazz,Free,33.77,2160.53,7397.89,4.1,38.09,26.64,Bad Bunny,2019,147.64
Indonesia,Proof,Classical,Free,82.5,3116.66,12331.28,3.45,113.76,34.46,BTS,2023,179.21
Indonesia,Proof,EDM,Free,75.27,684.82,2432.12,3.35,100.99,16.35,BTS,2023,38.24
Indonesia,Proof,Jazz,Premium,71.48,4680.78,17623.92,2.9,137.64,36.93,BTS,2023,226.24
Indonesia,Proof,R&B,Free,78.61,2577.21,10043.13,3.73,72.59,26.55,BTS,2023,160.22
Indonesia,Proof,Rock,Free,96.44,351.09,1214.06,3.3,98.56,36.48,BTS,2023,19.31
Indonesia,SOS,K-pop,Free,12.62,4584.85,14167.53,3.73,191.51,19.65,SZA,2022,285.02
Indonesia,Scarlet,Indie,Free,80.48,2255.51,5836.59,4.3,64.74,4.21,Doja Cat,2022,161.64
Italy,1989 (Taylor's Version),Indie,Free,18.85,1110.25,4879.92,3.47,200.0,7.04,Taylor Swift,2020,64.21
Italy,1989 (Taylor's Version),R&B,Premium,23.94,1358.57,4032.29,3.84,78.23,36.8,Taylor Swift,2020,86.95
Italy,After Hours,EDM,Premium,85.29,755.15,2165.76,3.73,39.67,8.07,The Weeknd,2023,46.95
Italy,After Hours,Hip Hop,Free,4.99,203.6,609.69,4.18,48.47,19.47,The Weeknd,2023,14.18
Italy,Austin,Classical,Free,32.75,363.54,1612.05,4.14,105.29,20.4,Post Malone,2019,25.08
Italy,Austin,EDM,Free,14.67,4325.96,11845.22,2.96,20.96,20.83,Post Malone,2019,213.41
Italy,Austin,EDM,Premium,5.48,303.23,1098.79,3.23,15.63,20.67,Post Malone,2019,16.32
Italy,Austin,Reggaeton,Premium,5.16,4778.8,12702.33,4.35,149.72,9.35,Post Malone,2019,346.46
Italy,Autumn Variations,Hip Hop,Premium,23.8,4065.3,16019.36,3.46,96.33,24.04,Ed Sheeran,2019,234.43
Italy,Autumn Variations,K-pop,Premium,73.24,2704.33,12024.08,3.26,166.05,25.12,Ed Sheeran,2019,146.94
Italy,Autumn Variations,R&B,Free,7.89,3323.25,13446.32,4.47,173.43,15.82,Ed Sheeran,2019,247.58
Italy,Autumn Variations,Rock,Premium,44.48,1513.8,6200.45,2.85,18.9,25.76,Ed Sheeran,2019,71.91
Italy,BORN PINK,Jazz,Premium,68.04,1337.83,5995.29,2.56,171.07,22.68,BLACKPINK,2021,57.08
Italy,BORN PINK,Reggaeton,Premium,51.98,575.61,1717.32,2.75,50.34,4.78,BLACKPINK,2021,26.38
Italy,Eternal Sunshine,Classical,Premium,28.99,3437.85,11906.91,3.17,128.48,34.6,Ariana Grande,2020,181.63
Italy,Eternal Sunshine,Jazz,Premium,70.38,1353.58,4161.69,3.3,16.13,37.32,Ariana Grande,2020,74.45
Italy,Eternal Sunshine,Pop,Free,44.7,1131.78,3791.81,3.97,60.24,39.97,Ariana Grande,2020,74.89
Italy,For All The Dogs,Classical,Premium,22.06,3300.84,9732.49,2.72,23.86,11.86,Drake,2018,149.64
Italy,For All The Dogs,EDM,Premium,27.18,661.76,2142.23,4.0,117.33,33.07,Drake,2018,44.12
Italy,For All The Dogs,R&B,Free,3.48,4426.96,16038.06,4.33,129.88,25.78,Drake,2018,319.48
Italy,Future Nostalgia,Rock,Premium,1.65,4416.07,14925.42,2.96,43.09,8.29,Dua Lipa,2023,217.86
Italy,Guts,EDM,Premium,4.21,809.52,2752.24,3.24,152.85,23.38,Olivia Rodrigo,2022,43.71
Italy,Guts,Reggaeton,Free,11.18,1317.04,3749.61,2.81,36.25,31.14,Olivia Rodrigo,2022,61.68
Italy,Happier Than Ever,Hip Hop,Free,59.03,4591.27,12166.75,4.49,180.6,18.29,Billie Eilish,2019,343.58
Italy,Happier Than Ever,K-pop,Premium,99.6,4894.01,14935.33,2.62,175.86,35.73,Billie Eilish,2019,213.71
Italy,MAÑANA SERÁ BONITO,R&B,Free,37.47,2347.88,7733.65,4.35,49.15,20.06,Karol G,2019,170.22
Italy,Nadie Sabe Lo Que Va a Pasar Mañana,Classical,Premium,56.76,3242.9,12301.9,4.43,193.18,17.79,Bad Bunny,2019,239.43
Italy,Nadie Sabe Lo Que Va a Pasar Mañana,K-pop,Free,89.53,3386.9,9248.5,3.98,9.76,34.65,Bad Bunny,2019,224.66
Italy,Proof,Pop,Premium,79.06,1756.77,6967.14,3.76,27.55,14.74,BTS,2023,110.09
Italy,SOS,Hip Hop,Free,37.58,830.85,3462.56,3.91,133.9,22.63,SZA,2022,54.14
Italy,SOS,Indie,Premium,99.15,1657.04,5374.51,4.03,165.4,13.61,SZA,2022,111.3
Italy,SOS,Pop,Free,22.56,609.0,2293.38,3.15,159.08,23.8,SZA,2022,31.97
Italy,Scarlet,Classical,Premium,58.11,3266.83,11685.05,4.46,71.67,27.25,Doja Cat,2022,242.83
Japan,Austin,Hip Hop,Premium,96.33,746.75,3310.34,4.22,193.49,32.38,Post Malone,2019,52.52
Japan,Austin,Jazz,Free,70.01,3548.61,10012.32,4.43,161.07,33.11,Post Malone,2019,262.01
Japan,Autumn Variations,Classical,Free,82.02,1222.67,5199.42,4.47,83.3,11.73,Ed Sheeran,2019,91.09
Japan,Autumn Variations,Hip Hop,Premium,92.0,1187.34,5108.58,3.88,54.95,37.04,Ed Sheeran,2019,76.78
Japan,Autumn Variations,Indie,Premium,84.95,3612.78,11201.95,3.12,65.91,28.19,Ed Sheeran,2019,187.86
Japan,BORN PINK,Classical,Free,57.62,2703.99,10228.62,3.91,104.61,18.61,BLACKPINK,2021,176.21
Japan,BORN PINK,K-pop,Free,68.47,3504.48,11549.1,3.82,74.4,26.85,BLACKPINK,2021,223.12
Japan,Guts,EDM,Free,93.09,646.68,2613.09,4.0,127.14,25.66,Olivia Rodrigo,2022,43.11
Japan,Guts,K-pop,Free,30.11,4263.51,14671.05,4.23,94.97,8.59,Olivia Rodrigo,2022,300.58
Japan,Guts,Reggaeton,Premium,65.89,545.22,2038.59,4.3,97.69,13.81,Olivia Rodrigo,2022,39.07
Japan,Happier Than Ever,Hip Hop,Free,36.01,3343.44,13375.66,4.24,193.71,24.42,Billie Eilish,2019,236.27
Japan,MAÑANA SERÁ BONITO,Hip Hop,Free,64.97,243.75,954.34,4.48,73.42,36.8,Karol G,2019,18.2
Japan,MAÑANA SERÁ BONITO,R&B,Premium,74.83,4608.13,19787.6,2.54,62.88,33.87,Karol G,2019,195.08
Japan,Nadie Sabe Lo Que Va a Pasar Mañana,Classical,Free,83.37,4602.86,12318.45,4.19,87.7,16.62,Bad Bunny,2019,321.43
Japan,Nadie Sabe Lo Que Va a Pasar Mañana,Reggaeton,Free,94.92,3969.62,17550.98,3.8,141.73,22.92,Bad Bunny,2019,251.41
Japan,Proof,Classical,Free,57.71,1344.69,4328.7,2.97,93.61,7.23,BTS,2023,66.56
Japan,Proof,Hip Hop,Free,37.91,2535.1,10910.77,2.86,190.86,3.69,BTS,2023,120.84
Japan,SOS,Classical,Premium,80.84,1736.76,4958.31,4.1,12.85,6.76,SZA,2022,118.68
Japan,SOS,EDM,Free,83.36,1664.95,5670.01,2.97,28.09,31.04,SZA,2022,82.42
Japan,Scarlet,Reggaeton,Free,47.0,3492.18,13142.72,4.12,143.49,37.8,Doja Cat,2022,239.8
Japan,Scarlet,Rock,Free,97.52,2725.89,8299.87,3.39,118.58,18.81,Doja Cat,2022,154.01
Japan,Scarlet,Rock,Premium,6.31,1827.24,4603.12,2.77,192.8,20.71,Doja Cat,2022,84.36
Mexico,1989 (Taylor's Version),R&B,Free,36.34,3915.17,16567.42,3.16,160.07,18.04,Taylor Swift,2020,206.2
Mexico,1989 (Taylor's Version),Reggaeton,Free,70.57,1579.47,5022.16,2.51,113.7,16.63,Taylor Swift,2020,66.07
Mexico,1989 (Taylor's Version),Rock,Premium,75.24,468.74,1894.42,4.02,95.34,4.5,Taylor Swift,2020,31.41
Mexico,After Hours,Reggaeton,Premium,76.68,2473.41,9960.76,2.68,127.06,16.73,The Weeknd,2023,110.48
Mexico,Austin,Jazz,Premium,63.05,1409.26,3741.54,3.07,67.83,35.83,Post Malone,2019,72.11
Mexico,Austin,Rock,Premium,23.59,2787.54,9061.89,2.87,18.05,25.13,Post Malone,2019,133.34
Mexico,Autumn Variations,EDM,Premium,88.88,3915.82,17141.66,4.0,83.38,8.17,Ed Sheeran,2019,261.05
Mexico,Autumn Variations,Pop,Premium,47.58,3274.97,14187.65,2.86,127.32,20.18,Ed Sheeran,2019,156.11
Mexico,Autumn Variations,Rock,Premium,95.78,1431.08,4432.05,4.38,154.46,28.49,Ed Sheeran,2019,104.47
Mexico,BORN PINK,EDM,Premium,46.44,1130.13,3508.25,3.54,117.31,1.29,BLACKPINK,2021,66.68
Mexico,Eternal Sunshine,Rock,Premium,90.63,4238.21,11377.89,3.35,9.77,14.01,Ariana Grande,2020,236.63
Mexico,For All The Dogs,Indie,Premium,9.16,3339.32,12682.14,2.6,145.47,30.45,Drake,2018,144.7
Mexico,Happier Than Ever,EDM,Premium,45.75,3186.46,13575.12,2.69,139.25,35.22,Billie Eilish,2019,142.86
Mexico,Happier Than Ever,K-pop,Premium,15.84,3839.1,16505.73,4.11,132.45,27.55,Billie Eilish,2019,262.98
Mexico,MAÑANA SERÁ BONITO,Classical,Premium,47.04,3919.04,14295.46,3.14,31.68,15.1,Karol G,2019,205.1
Mexico,MAÑANA SERÁ BONITO,Jazz,Free,94.75,4502.98,17151.26,2.94,149.1,12.98,Karol G,2019,220.65
Mexico,Nadie Sabe Lo Que Va a Pasar Mañana,Classical,Premium,4.79,3003.03,9583.79,4.07,121.64,20.95,Bad Bunny,2019,203.71
Mexico,Nadie Sabe Lo Que Va a Pasar Mañana,EDM,Premium,11.54,408.31,1261.07,4.39,175.35,32.71,Bad Bunny,2019,29.87
Mexico,Nadie Sabe Lo Que Va a Pasar Mañana,Indie,Free,75.23,4373.63,17345.26,2.74,67.67,17.74,Bad Bunny,2019,199.73
Mexico,Nadie Sabe Lo Que Va a Pasar Mañana,K-pop,Premium,1.01,4086.13,17144.96,3.19,107.48,27.82,Bad Bunny,2019,217.25
Mexico,SOS,Jazz,Free,66.15,937.8,3939.56,2.53,117.82,30.34,SZA,2022,39.54
Mexico,SOS,Jazz,Premium,56.08,4633.32,13016.99,2.58,32.07,11.33,SZA,2022,199.23
Netherlands,1989 (Taylor's Version),Indie,Free,47.82,4571.48,14914.28,4.48,99.57,2.44,Taylor Swift,2020,341.34
Netherlands,1989 (Taylor's Version),R&B,Free,25.24,3388.26,11245.44,3.77,33.14,8.59,Taylor Swift,2020,212.9
Netherlands,After Hours,Hip Hop,Free,66.24,1803.77,5992.49,4.23,135.0,39.38,The Weeknd,2023,127.17
Netherlands,Autumn Variations,Pop,Free,89.01,2750.61,10407.8,3.1,161.13,27.71,Ed Sheeran,2019,142.11
Netherlands,BORN PINK,K-pop,Free,74.82,4117.41,15537.85,3.98,156.04,5.16,BLACKPINK,2021,273.12
Netherlands,BORN PINK,Reggaeton,Premium,38.27,3784.36,13044.83,4.2,171.65,6.63,BLACKPINK,2021,264.91
Netherlands,Eternal Sunshine,Pop,Free,70.46,4070.87,15011.9,4.33,154.02,26.65,Ariana Grande,2020,293.78
Netherlands,For All The Dogs,EDM,Free,99.73,3154.77,13149.76,3.02,18.32,22.7,Drake,2018,158.79
Netherlands,Guts,Jazz,Free,18.1,2381.52,10656.67,2.65,3.74,9.41,Olivia Rodrigo,2022,105.18
Netherlands,Guts,Jazz,Premium,82.23,1450.05,4490.97,3.67,173.19,18.42,Olivia Rodrigo,2022,88.69
Netherlands,Guts,Reggaeton,Premium,28.42,467.03,1684.48,3.7,156.01,27.93,Olivia Rodrigo,2022,28.8
Netherlands,Guts,Rock,Premium,42.18,520.67,1746.08,3.83,190.76,27.79,Olivia Rodrigo,2022,33.24
Netherlands,Happier Than Ever,Classical,Premium,41.07,4540.01,12068.36,3.19,64.06,12.36,Billie Eilish,2019,241.38
Netherlands,Happier Than Ever,Hip Hop,Free,68.92,167.58,659.22,2.58,11.8,31.97,Billie Eilish,2019,7.21
Netherlands,Happier Than Ever,Hip Hop,Premium,10.42,1106.43,2938.54,3.69,2.85,28.13,Billie Eilish,2019,68.05
Netherlands,Happier Than Ever,Jazz,Premium,87.87,2140.81,5406.7,2.71,29.92,27.14,Billie Eilish,2019,96.69
Netherlands,MAÑANA SERÁ BONITO,Indie,Free,85.58,1434.17,4101.41,2.76,163.02,29.11,Karol G,2019,65.97
Netherlands,Nadie Sabe Lo Que Va a Pasar Mañana,Classical,Premium,78.7,4076.97,16759.94,3.64,119.77,7.57,Bad Bunny,2019,247.34
Netherlands,Nadie Sabe Lo Que Va a Pasar Mañana,Indie,Free,90.92,1411.16,4786.69,2.8,129.81,20.46,Bad Bunny,2019,65.85
Netherlands,Nadie Sabe Lo Que Va a Pasar Mañana,Rock,Free,54.2,4599.85,20061.74,2.85,98.44,6.47,Bad Bunny,2019,218.49
Netherlands,Proof,Indie,Premium,68.28,1691.24,5851.53,3.39,97.91,5.24,BTS,2023,95.56
Netherlands,Proof,Rock,Free,36.75,4723.9,18620.66,3.49,92.11,6.28,BTS,2023,274.77
Russia,1989 (Taylor's Version),K-pop,Premium,18.82,720.37,2725.2,3.96,75.52,35.76,Taylor Swift,2020,47.54
Russia,After Hours,Classical,Premium,78.02,4165.92,18522.68,3.22,59.77,2.54,The Weeknd,2023,223.57
Russia,Austin,Rock,Free,20.31,1824.47,6127.48,2.88,119.28,22.78,Post Malone,2019,87.57
Russia,Autumn Variations,Classical,Premium,4.71,1413.3,3939.86,3.72,8.72,35.69,Ed Sheeran,2019,87.62
Russia,Autumn Variations,EDM,Premium,4.24,1884.12,6381.07,4.4,20.77,27.74,Ed Sheeran,2019,138.17
Russia,Autumn Variations,Pop,Premium,95.84,4247.65,13772.55,3.13,98.67,39.39,Ed Sheeran,2019,221.59
Russia,BORN PINK,Pop,Free,53.84,3666.76,16134.25,4.28,4.57,1.16,BLACKPINK,2021,261.56
Russia,BORN PINK,Rock,Free,71.3,2247.07,6369.34,3.63,59.13,11.72,BLACKPINK,2021,135.95
Russia,Eternal Sunshine,Pop,Free,77.32,2643.71,11875.62,2.71,17.78,37.33,Ariana Grande,2020,119.41
Russia,Eternal Sunshine,R&B,Premium,48.13,3573.62,12137.26,2.53,45.1,27.98,Ariana Grande,2020,150.69
Russia,For All The Dogs,Hip Hop,Free,10.23,527.99,2100.13,4.12,117.71,22.9,Drake,2018,36.26
Russia,Future Nostalgia,Classical,Premium,45.44,4624.56,16782.45,3.77,172.99,25.46,Dua Lipa,2023,290.58
Russia,Future Nostalgia,R&B,Free,44.19,2597.97,11239.66,3.1,140.22,20.48,Dua Lipa,2023,134.23
Russia,Future Nostalgia,Reggaeton,Free,79.7,887.87,3498.76,3.48,105.26,33.72,Dua Lipa,2023,51.5
Russia,Guts,EDM,Free,84.06,2813.8,12593.4,2.61,101.61,19.3,Olivia Rodrigo,2022,122.4
Russia,Guts,Indie,Free,83.03,1649.56,7221.21,4.06,107.54,9.45,Olivia Rodrigo,2022,111.62
Russia,Guts,Rock,Premium,56.49,4675.7,18437.82,3.08,179.26,16.39,Olivia Rodrigo,2022,240.02
Russia,Happier Than Ever,Classical,Free,53.3,4889.6,21874.92,4.37,77.98,33.72,Billie Eilish,2019,356.13
Russia,MAÑANA SERÁ BONITO,Classical,Premium,48.01,132.35,418.55,2.72,117.16,32.07,Karol G,2019,6.0
Russia,MAÑANA SERÁ BONITO,EDM,Premium,13.79,2686.28,7951.98,3.62,15.34,34.61,Karol G,2019,162.07
Russia,Nadie Sabe Lo Que Va a Pasar Mañana,Jazz,Premium,47.41,3265.36,9364.9,3.27,28.37,8.54,Bad Bunny,2019,177.96
Russia,SOS,Classical,Premium,9.73,1352.31,4383.74,3.72,186.21,16.63,SZA,2022,83.84
Russia,SOS,EDM,Free,55.06,552.07,1909.6,4.23,33.37,3.87,SZA,2022,38.92
Russia,SOS,R&B,Free,93.38,1686.49,4225.46,3.84,167.21,27.09,SZA,2022,107.94
Russia,SOS,Reggaeton,Premium,47.33,1004.42,2737.34,2.82,130.01,29.03,SZA,2022,47.21
Russia,Scarlet,Hip Hop,Premium,74.71,1335.86,4302.29,3.61,69.48,17.06,Doja Cat,2022,80.37
Russia,Scarlet,Jazz,Free,62.13,1212.11,4689.41,3.07,149.61,17.92,Doja Cat,2022,62.02
Russia,Scarlet,Reggaeton,Free,75.39,1637.14,5176.29,3.06,110.55,15.77,Doja Cat,2022,83.49
South Africa,1989 (Taylor's Version),Classical,Free,75.84,2948.76,11505.37,2.65,58.68,27.75,Taylor Swift,2020,130.24
South Africa,1989 (Taylor's Version),Reggaeton,Free,28.93,668.94,2258.9,2.52,30.99,20.25,Taylor Swift,2020,28.1
South Africa,1989 (Taylor's Version),Rock,Free,32.14,1650.21,7327.54,3.31,131.87,22.16,Taylor Swift,2020,91.04
South Africa,After Hours,Hip Hop,Free,11.09,3979.36,10915.01,2.62,27.01,33.12,The Weeknd,2023,173.77
South Africa,Austin,Hip Hop,Premium,49.3,1617.86,5851.32,3.79,161.3,18.11,Post Malone,2019,102.19
South Africa,Austin,Reggaeton,Premium,66.32,4736.9,13406.63,3.56,192.91,37.23,Post Malone,2019,281.06
South Africa,Autumn Variations,Reggaeton,Premium,68.2,2801.46,7266.34,3.19,157.38,13.43,Ed Sheeran,2019,148.94
South Africa,BORN PINK,EDM,Premium,17.16,3698.73,12129.79,3.26,16.76,25.39,BLACKPINK,2021,200.96
South Africa,BORN PINK,R&B,Free,46.6,817.85,2352.92,4.25,7.41,26.75,BLACKPINK,2021,57.93
South Africa,Eternal Sunshine,K-pop,Premium,85.28,3573.46,15561.16,3.78,102.24,5.73,Ariana Grande,2020,225.13
South Africa,For All The Dogs,Classical,Free,78.66,4325.4,10920.26,3.33,145.24,22.82,Drake,2018,240.06
South Africa,For All The Dogs,Classical,Premium,91.19,2067.78,7035.11,3.31,4.36,27.26,Drake,2018,114.07
South Africa,Future Nostalgia,Pop,Free,28.7,729.32,2114.24,4.27,126.52,32.28,Dua Lipa,2023,51.9
South Africa,Guts,K-pop,Premium,46.36,4373.66,17814.36,3.75,23.39,6.84,Olivia Rodrigo,2022,273.35
South Africa,Guts,Rock,Premium,38.31,4785.59,16363.5,3.57,135.5,34.84,Olivia Rodrigo,2022,284.74
South Africa,Happier Than Ever,Indie,Premium,26.89,2588.44,9045.44,2.7,152.56,13.49,Billie Eilish,2019,116.48
South Africa,Happier Than Ever,R&B,Free,31.59,3540.43,12560.07,2.77,131.59,23.03,Billie Eilish,2019,163.45
South Africa,Happier Than Ever,Rock,Free,62.39,1971.73,5380.5,4.06,80.19,27.74,Billie Eilish,2019,133.42
South Africa,Nadie Sabe Lo Que Va a Pasar Mañana,Classical,Free,32.94,3222.47,8768.11,3.55,9.71,37.57,Bad Bunny,2019,190.66
South Africa,Nadie Sabe Lo Que Va a Pasar Mañana,EDM,Free,37.73,4749.43,18489.38,3.58,177.2,26.54,Bad Bunny,2019,283.38
South Africa,Nadie Sabe Lo Que Va a Pasar Mañana,Hip Hop,Premium,1.5,3003.44,10735.21,4.39,42.8,29.92,Bad Bunny,2019,219.75
South Africa,Nadie Sabe Lo Que Va a Pasar Mañana,K-pop,Premium,97.46,2789.13,10863.2,2.75,21.41,1.48,Bad Bunny,2019,127.84
South Africa,Nadie Sabe Lo Que Va a Pasar Mañana,R&B,Premium,66.83,1926.77,7699.89,2.85,81.81,33.52,Bad Bunny,2019,91.52
South Africa,Proof,Classical,Premium,61.49,686.88,1850.02,3.25,112.01,15.26,BTS,2023,37.21
South Africa,Proof,Jazz,Free,27.89,590.67,2351.92,2.98,134.3,21.71,BTS,2023,29.34
South Africa,Proof,Reggaeton,Free,43.99,3282.42,11477.22,3.18,44.69,23.76,BTS,2023,173.97
South Africa,Proof,Reggaeton,Premium,68.05,4575.14,18712.48,3.96,191.52,1.43,BTS,2023,301.96
South Africa,SOS,Classical,Premium,35.4,4086.8,12066.65,4.43,186.01,23.42,SZA,2022,301.74
South Africa,SOS,Indie,Premium,45.55,1194.28,3336.78,4.27,106.38,10.89,SZA,2022,84.99
South Korea,1989 (Taylor's Version),Jazz,Free,67.73,4040.53,17453.26,2.71,105.35,10.4,Taylor Swift,2020,182.5
South Korea,After Hours,Jazz,Free,51.44,3751.83,11597.22,2.61,99.48,5.4,The Weeknd,2023,163.2
South Korea,After Hours,K-pop,Premium,16.26,2144.48,6978.1,3.4,116.87,21.84,The Weeknd,2023,121.52
South Korea,Austin,EDM,Premium,54.28,3686.44,15113.43,4.3,44.66,18.0,Post Malone,2019,264.19
South Korea,Austin,K-pop,Free,17.48,1507.38,6539.11,3.88,93.25,26.2,Post Malone,2019,97.48
South Korea,Autumn Variations,Classical,Premium,44.48,2370.05,7366.55,3.31,100.59,20.26,Ed Sheeran,2019,130.75
South Korea,BORN PINK,Classical,Premium,25.58,4333.27,12217.22,3.15,38.78,7.21,BLACKPINK,2021,227.5
South Korea,BORN PINK,Reggaeton,Free,1.32,3624.36,14277.66,4.44,102.03,5.15,BLACKPINK,2021,268.2
South Korea,BORN PINK,Rock,Premium,41.67,2076.7,7579.54,2.75,128.83,18.55,BLACKPINK,2021,95.18
South Korea,For All The Dogs,Classical,Free,92.96,2900.19,12517.37,3.25,16.12,27.93,Drake,2018,157.09
South Korea,Future Nostalgia,Hip Hop,Free,6.93,2226.05,7721.06,2.91,63.2,29.02,Dua Lipa,2023,107.96
South Korea,Future Nostalgia,Indie,Free,1.92,3124.74,11330.27,2.7,101.67,6.17,Dua Lipa,2023,140.61
South Korea,Future Nostalgia,Jazz,Free,43.59,3975.83,10849.36,3.81,86.58,35.64,Dua Lipa,2023,252.47
South Korea,Future Nostalgia,Reggaeton,Free,8.37,4814.25,19113.34,2.74,86.27,22.71,Dua Lipa,2023,219.85
South Korea,Future Nostalgia,Rock,Free,34.73,4829.21,14511.57,4.22,164.6,16.63,Dua Lipa,2023,339.65
South Korea,Future Nostalgia,Rock,Premium,18.86,3440.84,11921.5,3.76,110.42,23.92,Dua Lipa,2023,215.63
South Korea,Happier Than Ever,Classical,Premium,47.85,2678.06,8974.2,3.99,71.01,18.7,Billie Eilish,2019,178.09
South Korea,Happier Than Ever,Reggaeton,Premium,2.25,729.2,1839.55,3.49,105.08,31.54,Billie Eilish,2019,42.42
South Korea,MAÑANA SERÁ BONITO,Classical,Free,56.99,1854.24,5808.72,3.36,63.33,31.64,Karol G,2019,103.84
South Korea,MAÑANA SERÁ BONITO,Pop,Free,39.37,4785.67,21304.11,3.13,3.58,10.8,Karol G,2019,249.65
South Korea,Nadie Sabe Lo Que Va a Pasar Mañana,EDM,Free,64.52,3401.83,8970.02,3.63,88.58,29.17,Bad Bunny,2019,205.81
South Korea,Nadie Sabe Lo Que Va a Pasar Mañana,Reggaeton,Premium,93.54,1166.08,5124.88,3.54,169.34,10.77,Bad Bunny,2019,68.8
South Korea,Proof,Classical,Free,95.29,2596.35,11165.11,4.13,192.59,31.64,BTS,2023,178.72
South Korea,Proof,R&B,Free,75.6,2332.46,8012.48,3.89,70.92,30.88,BTS,2023,151.22
South Korea,SOS,Indie,Premium,63.29,258.82,1132.3,3.54,96.76,12.65,SZA,2022,15.27
South Korea,SOS,Pop,Premium,30.54,3033.78,13217.91,3.17,197.83,22.19,SZA,2022,160.28
South Korea,Scarlet,Hip Hop,Premium,77.32,4183.84,17853.97,2.58,175.4,25.1,Doja Cat,2022,179.91
South Korea,Scarlet,Jazz,Free,20.69,1900.87,5366.34,4.41,120.19,20.06,Doja Cat,2022,139.71
Spain,1989 (Taylor's Version),Classical,Premium,45.51,2176.29,5460.09,2.93,150.71,32.54,Taylor Swift,2020,106.28
Spain,1989 (Taylor's Version),R&B,Free,72.99,699.47,2775.6,3.68,25.51,28.73,Taylor Swift,2020,42.9
Spain,After Hours,Classical,Premium,85.86,712.71,2496.09,2.68,100.93,26.84,The Weeknd,2023,31.83
Spain,After Hours,EDM,Free,97.68,543.04,1700.21,4.23,38.1,20.53,The Weeknd,2023,38.28
Spain,After Hours,Rock,Free,71.96,583.44,1942.24,4.35,154.66,18.57,The Weeknd,2023,42.3
Spain,Austin,R&B,Free,96.91,2926.33,11358.56,3.88,74.91,4.49,Post Malone,2019,189.24
Spain,Austin,R&B,Premium,55.66,2809.94,8029.23,3.62,51.5,12.96,Post Malone,2019,169.53
Spain,Austin,Rock,Free,74.02,215.88,738.67,4.04,95.09,27.58,Post Malone,2019,14.54
Spain,Autumn Variations,Classical,Free,3.68,3231.61,8956.08,3.42,52.77,13.77,Ed Sheeran,2019,184.2
Spain,BORN PINK,Indie,Free,60.19,3956.67,15014.02,2.63,112.03,16.08,BLACKPINK,2021,173.43
Spain,Eternal Sunshine,Indie,Free,39.23,453.95,1338.73,3.14,168.0,26.35,Ariana Grande,2020,23.76
Spain,Eternal Sunshine,Reggaeton,Premium,97.89,4182.37,16781.17,4.46,135.03,22.23,Ariana Grande,2020,310.89
Spain,Future Nostalgia,Classical,Free,50.97,1149.32,3539.41,3.29,67.9,19.56,Dua Lipa,2023,63.02
Spain,Future Nostalgia,EDM,Free,15.61,3453.73,14800.34,4.22,155.91,9.53,Dua Lipa,2023,242.91
Spain,Guts,Classical,Premium,90.88,4194.09,15317.83,3.35,95.95,10.07,Olivia Rodrigo,2022,234.17
Spain,Guts,K-pop,Premium,96.72,1431.67,5415.96,3.3,187.91,5.5,Olivia Rodrigo,2022,78.74
Spain,Happier Than Ever,Classical,Premium,56.56,4985.54,17691.17,2.98,155.58,13.61,Billie Eilish,2019,247.62
Spain,Happier Than Ever,EDM,Free,59.18,4496.22,11940.5,3.0,103.76,14.76,Billie Eilish,2019,224.81
Spain,MAÑANA SERÁ BONITO,Rock,Premium,34.56,974.75,3786.06,3.23,160.43,29.36,Karol G,2019,52.47
Spain,Nadie Sabe Lo Que Va a Pasar Mañana,Jazz,Free,3.87,1004.18,4183.27,4.17,7.58,2.97,Bad Bunny,2019,69.79
Spain,Proof,Pop,Premium,86.64,3902.64,17355.84,4.32,166.73,36.21,BTS,2023,280.99
Spain,Proof,R&B,Free,74.02,2243.64,6176.34,3.55,6.69,26.88,BTS,2023,132.75
Spain,SOS,Classical,Free,26.22,3558.49,8908.26,4.35,73.48,3.73,SZA,2022,257.99
Spain,SOS,Hip Hop,Premium,17.08,1240.34,5171.35,3.28,77.39,29.85,SZA,2022,67.81
Spain,Scarlet,Rock,Premium,24.48,2881.02,10514.64,4.49,5.37,33.37,Doja Cat,2022,215.6
Sweden,After Hours,EDM,Free,48.96,2606.68,8466.03,2.61,14.06,28.67,The Weeknd,2023,113.39
Sweden,After Hours,Hip Hop,Free,80.99,4287.04,11557.08,3.8,193.83,37.13,The Weeknd,2023,271.51
Sweden,After Hours,Jazz,Free,75.68,3891.51,10819.45,4.49,163.34,29.53,The Weeknd,2023,291.21
Sweden,Austin,Pop,Free,56.24,4694.31,15641.0,3.24,164.9,11.37,Post Malone,2019,253.49
Sweden,BORN PINK,Hip Hop,Free,26.02,3524.25,10259.06,3.87,60.92,26.8,BLACKPINK,2021,227.31
Sweden,BORN PINK,K-pop,Premium,75.74,613.4,2060.92,3.07,105.86,13.03,BLACKPINK,2021,31.39
Sweden,Eternal Sunshine,Pop,Free,25.49,2670.61,8458.19,3.29,4.66,27.69,Ariana Grande,2020,146.44
Sweden,For All The Dogs,Classical,Free,74.21,4330.97,17258.16,3.62,102.67,32.08,Drake,2018,261.3
Sweden,For All The Dogs,Hip Hop,Premium,22.95,1739.72,7236.83,4.43,109.99,15.58,Drake,2018,128.45
Sweden,Future Nostalgia,Indie,Premium,1.24,3881.97,15393.75,3.96,127.33,28.19,Dua Lipa,2023,256.21
Sweden,Guts,Indie,Premium,55.2,4493.92,14644.82,4.1,74.24,18.6,Olivia Rodrigo,2022,307.08
Sweden,Happier Than Ever,Indie,Free,37.65,1087.06,3298.09,4.37,122.22,7.67,Billie Eilish,2019,79.17
Sweden,MAÑANA SERÁ BONITO,Classical,Free,42.17,2768.71,9528.95,3.58,152.61,27.53,Karol G,2019,165.2
Sweden,MAÑANA SERÁ BONITO,EDM,Free,17.51,942.96,3114.7,3.18,107.25,24.4,Karol G,2019,49.98
Sweden,MAÑANA SERÁ BONITO,R&B,Premium,79.97,4164.84,10988.17,4.2,134.92,6.43,Karol G,2019,291.54
Sweden,Nadie Sabe Lo Que Va a Pasar Mañana,Indie,Premium,18.86,450.02,1424.43,4.47,127.27,1.18,Bad Bunny,2019,33.53
Sweden,Nadie Sabe Lo Que Va a Pasar Mañana,K-pop,Premium,25.42,2828.77,8558.4,3.67,73.04,39.9,Bad Bunny,2019,173.03
Sweden,Nadie Sabe Lo Que Va a Pasar Mañana,Rock,Free,55.58,1754.03,7323.61,3.02,57.73,16.08,Bad Bunny,2019,88.29
Sweden,Proof,EDM,Free,90.5,4493.42,16601.35,4.01,33.08,19.41,BTS,2023,300.31
Sweden,Proof,Indie,Premium,44.47,4970.09,20135.14,2.97,172.35,24.8,BTS,2023,246.02
Sweden,Proof,Reggaeton,Free,89.96,4804.15,12044.32,4.03,92.27,34.36,BTS,2023,322.68
Sweden,SOS,Jazz,Premium,83.27,503.98,2177.7,4.13,186.16,17.18,SZA,2022,34.69
Sweden,SOS,K-pop,Premium,41.42,741.9,3258.81,3.11,24.11,10.16,SZA,2022,38.46
Sweden,SOS,Pop,Premium,41.86,2111.71,7517.65,3.28,41.46,26.22,SZA,2022,115.44
Sweden,Scarlet,Classical,Free,69.1,4340.54,18556.56,3.36,121.98,33.15,Doja Cat,2022,243.07
Sweden,Scarlet,EDM,Premium,8.94,4822.51,20491.36,2.77,24.61,39.72,Doja Cat,2022,222.64
Sweden,Scarlet,Indie,Free,54.03,4155.56,10817.23,3.25,174.85,8.34,Doja Cat,2022,225.09
Sweden,Scarlet,K-pop,Premium,33.4,2787.8,7013.93,2.9,148.18,10.46,Doja Cat,2022,134.74
Turkey,After Hours,R&B,Free,81.3,504.93,1666.07,4.34,144.99,31.92,The Weeknd,2023,36.52
Turkey,After Hours,Rock,Free,31.6,2477.66,6641.4,2.97,4.97,19.64,The Weeknd,2023,122.64
Turkey,Autumn Variations,Classical,Premium,92.57,2835.28,7660.87,3.07,175.7,11.3,Ed Sheeran,2019,145.07
Turkey,Autumn Variations,Hip Hop,Premium,16.4,3784.46,9837.8,2.66,132.73,19.94,Ed Sheeran,2019,167.78
Turkey,BORN PINK,Classical,Free,19.03,1625.17,6691.82,3.72,187.4,6.49,BLACKPINK,2021,100.76
Turkey,BORN PINK,Jazz,Free,64.31,1582.82,5056.06,3.58,88.93,15.27,BLACKPINK,2021,94.44
Turkey,Eternal Sunshine,Reggaeton,Premium,1.43,3694.26,13323.17,3.37,184.95,31.46,Ariana Grande,2020,207.49
Turkey,Eternal Sunshine,Rock,Premium,6.4,68.89,184.3,4.15,40.74,2.0,Ariana Grande,2020,4.76
Turkey,For All The Dogs,Hip Hop,Free,41.94,1858.07,5353.06,3.19,154.17,7.6,Drake,2018,98.79
Turkey,For All The Dogs,Jazz,Free,64.08,2002.04,7375.1,2.62,48.12,11.18,Drake,2018,87.42
Turkey,Future Nostalgia,Rock,Free,78.03,2539.39,8474.76,2.82,160.45,6.4,Dua Lipa,2023,119.35
Turkey,Happier Than Ever,Classical,Free,12.91,3798.08,10808.42,4.47,161.88,5.92,Billie Eilish,2019,282.96
Turkey,Happier Than Ever,R&B,Free,12.36,1162.81,3253.52,3.03,15.21,7.47,Billie Eilish,2019,58.72
Turkey,MAÑANA SERÁ BONITO,Classical,Free,97.81,3365.73,10691.58,3.55,87.14,29.34,Karol G,2019,199.14
Turkey,MAÑANA SERÁ BONITO,Jazz,Free,41.8,2262.74,7124.5,3.87,33.62,23.05,Karol G,2019,145.95
Turkey,Nadie Sabe Lo Que Va a Pasar Mañana,Jazz,Free,33.04,2368.55,10031.58,3.7,14.71,7.05,Bad Bunny,2019,146.06
Turkey,Nadie Sabe Lo Que Va a Pasar Mañana,R&B,Premium,64.15,2324.87,8912.81,4.3,180.34,27.43,Bad Bunny,2019,166.62
Turkey,Proof,Pop,Premium,22.85,3603.33,9102.63,4.34,185.75,33.45,BTS,2023,260.64
Turkey,Proof,Rock,Premium,56.75,3861.34,15503.07,4.42,136.64,35.96,BTS,2023,284.45
Turkey,Scarlet,Pop,Free,46.67,2770.84,8537.8,2.63,40.29,23.64,Doja Cat,2022,121.46
Turkey,Scarlet,Rock,Premium,89.52,3823.16,9909.19,3.75,4.24,37.25,Doja Cat,2022,238.95
United Kingdom,After Hours,Classical,Premium,40.74,249.26,642.55,3.93,104.35,6.81,The Weeknd,2023,16.33
United Kingdom,After Hours,Jazz,Premium,57.03,3972.97,11283.1,2.66,124.32,10.39,The Weeknd,2023,176.14
United Kingdom,Austin,Hip Hop,Premium,86.21,4804.77,15601.96,4.38,117.62,14.13,Post Malone,2019,350.75
United Kingdom,BORN PINK,R&B,Free,50.68,3076.82,10594.14,4.2,141.45,21.23,BLACKPINK,2021,215.38
United Kingdom,Eternal Sunshine,Pop,Free,58.67,783.06,2157.24,3.12,179.89,9.19,Ariana Grande,2020,40.72
United Kingdom,Eternal Sunshine,Rock,Premium,75.82,4312.46,12099.39,2.82,119.69,16.01,Ariana Grande,2020,202.69
United Kingdom,For All The Dogs,Indie,Premium,5.23,2331.92,6613.27,3.65,99.73,15.93,Drake,2018,141.86
United Kingdom,For All The Dogs,Jazz,Premium,72.63,551.39,1660.67,2.96,53.56,2.95,Drake,2018,27.2
United Kingdom,For All The Dogs,Rock,Premium,34.52,3478.89,13218.65,4.2,190.87,25.45,Drake,2018,243.52
United Kingdom,Future Nostalgia,Hip Hop,Free,44.78,1548.96,4723.32,2.61,62.77,18.62,Dua Lipa,2023,67.38
United Kingdom,Future Nostalgia,Rock,Free,88.87,2231.41,5861.18,3.81,141.21,27.44,Dua Lipa,2023,141.69
United Kingdom,Guts,Hip Hop,Premium,31.23,956.07,3716.12,3.52,119.69,23.42,Olivia Rodrigo,2022,56.09
United Kingdom,Guts,K-pop,Premium,46.08,1073.99,3722.29,3.45,144.68,18.65,Olivia Rodrigo,2022,61.75
United Kingdom,Happier Than Ever,K-pop,Free,74.38,2780.82,9330.69,2.52,189.07,27.95,Billie Eilish,2019,116.79
United Kingdom,MAÑANA SERÁ BONITO,K-pop,Premium,5.35,1195.79,5011.57,3.33,92.23,30.17,Karol G,2019,66.37
United Kingdom,MAÑANA SERÁ BONITO,Pop,Premium,66.8,2224.69,6174.79,3.01,51.98,20.9,Karol G,2019,111.61
United Kingdom,MAÑANA SERÁ BONITO,Reggaeton,Premium,54.71,3202.54,12556.22,4.02,116.98,37.76,Karol G,2019,214.57
United Kingdom,Nadie Sabe Lo Que Va a Pasar Mañana,Classical,Premium,1.56,2358.34,10317.71,2.58,119.78,31.17,Bad Bunny,2019,101.41
United Kingdom,Nadie Sabe Lo Que Va a Pasar Mañana,Pop,Premium,91.82,2388.65,9942.09,4.02,90.27,1.2,Bad Bunny,2019,160.04
United Kingdom,Proof,Hip Hop,Premium,46.08,2291.2,8937.85,3.48,4.86,2.94,BTS,2023,132.89
United Kingdom,SOS,EDM,Free,68.97,4306.81,11513.72,2.7,118.33,15.98,SZA,2022,193.81
United States,Austin,Reggaeton,Free,42.84,1425.46,4177.49,4.03,19.46,4.77,Post Malone,2019,95.74
United States,Autumn Variations,Rock,Free,96.74,3925.37,15906.87,3.66,117.12,7.65,Ed Sheeran,2019,239.45
United States,BORN PINK,Indie,Free,53.42,3184.62,10200.96,3.4,128.48,23.18,BLACKPINK,2021,180.46
United States,BORN PINK,Indie,Premium,54.91,2449.16,10593.48,3.5,54.82,2.02,BLACKPINK,2021,142.87
United States,Eternal Sunshine,K-pop,Premium,16.02,4491.02,17128.14,2.68,104.62,27.44,Ariana Grande,2020,200.6
United States,For All The Dogs,EDM,Premium,4.55,2768.04,11492.4,4.08,178.13,22.93,Drake,2018,188.23
United States,For All The Dogs,K-pop,Premium,51.56,2618.05,9584.78,3.65,75.45,19.06,Drake,2018,159.26
United States,Future Nostalgia,Hip Hop,Free,7.69,3186.63,14302.86,3.85,160.23,17.08,Dua Lipa,2023,204.48
United States,Future Nostalgia,Reggaeton,Premium,18.15,4014.28,11832.25,3.72,142.84,28.67,Dua Lipa,2023,248.89
United States,Guts,Pop,Free,38.25,3703.51,11536.51,2.91,84.54,38.49,Olivia Rodrigo,2022,179.62
United States,Happier Than Ever,Rock,Free,26.68,2121.9,6952.51,2.57,69.29,28.82,Billie Eilish,2019,90.89
United States,MAÑANA SERÁ BONITO,Indie,Premium,57.21,3798.55,10829.63,4.21,165.57,21.1,Karol G,2019,266.53
United States,MAÑANA SERÁ BONITO,R&B,Free,8.23,2147.3,8376.12,3.58,186.98,3.69,Karol G,2019,128.12
United States,Nadie Sabe Lo Que Va a Pasar Mañana,Pop,Free,79.21,1227.76,3864.43,2.85,26.22,17.42,Bad Bunny,2019,58.32
United States,Nadie Sabe Lo Que Va a Pasar Mañana,R&B,Premium,25.91,3732.18,14926.78,2.92,21.5,3.49,Bad Bunny,2019,181.63
United States,Proof,Rock,Premium,76.37,556.05,1487.21,3.36,21.56,4.5,BTS,2023,31.14
United States,Scarlet,Classical,Premium,41.11,2970.68,12811.38,3.6,131.13,6.8,Doja Cat,2022,178.24
