metric_id,country_id,album_id,genero_id,plan_id,oyentes_mensuales_m,streams_totales_m,horas_totales_m,duracion_prom_min,streams_30d_m,skip_rate_pct
1,1,1,6,1,27.47,2014.64,6539.73,3.31,198.06,9.81
2,1,1,10,2,82.55,4906.61,12352.92,3.84,48.83,26.05
3,1,1,7,2,65.27,2634.12,8536.54,2.59,46.67,32.29
4,1,2,9,2,18.9,3479.59,13046.66,4.31,9.69,15.21
5,1,2,1,2,59.11,1772.23,7427.48,3.73,183.82,24.02
6,1,4,6,2,31.68,2580.96,7501.29,4.12,78.76,25.74
7,1,5,9,1,14.9,838.15,3044.76,3.63,147.45,19.86
8,1,6,3,1,45.23,3533.64,9386.07,3.63,165.93,36.21
9,1,6,10,1,91.24,3537.91,13427.31,4.01,155.45,38.61
10,1,6,6,1,79.2,2773.29,7337.46,3.92,191.44,21.3
11,1,6,5,2,83.23,2761.97,11861.05,3.99,90.56,30.32
12,1,6,6,2,55.31,1223.84,4213.3,3.73,37.6,17.53
13,1,7,6,1,38.76,4119.51,10552.69,2.81,28.14,16.25
14,1,7,6,1,89.24,1022.34,4055.71,3.75,178.53,34.13
15,1,8,6,1,23.92,3549.43,13863.99,3.41,184.86,31.73
16,1,8,10,1,22.72,2083.3,5802.87,3.67,125.02,20.92
17,1,8,5,2,97.14,4310.86,10876.14,3.94,153.95,14.27
18,1,10,3,1,62.93,1360.0,3620.83,2.98,32.15,16.93
19,1,11,1,2,82.7,190.45,493.44,3.78,130.57,30.91
20,1,12,2,1,82.34,1248.87,4552.31,3.9,4.77,13.23
21,1,12,7,1,21.4,549.44,1410.5,3.7,49.7,2.73
22,1,12,1,2,77.79,1932.87,8344.22,3.09,61.77,25.22
23,1,12,4,2,66.89,4081.55,13292.66,3.97,26.34,29.42
24,1,13,8,1,40.39,1747.15,5395.81,4.11,83.14,28.3
25,1,14,7,1,25.11,673.32,2443.58,2.64,117.69,32.71
26,1,15,7,1,6.8,4958.08,17645.14,4.03,194.82,4.91
27,1,15,7,2,88.68,1937.79,7930.24,2.73,108.51,12.03
28,2,3,9,1,68.66,774.82,2033.18,4.07,150.97,2.26
29,2,4,7,2,25.24,2401.92,10086.8,2.65,177.34,23.45
30,2,6,2,2,90.58,2941.19,11444.31,4.21,95.92,37.77
31,2,8,4,2,96.49,4845.19,14937.22,3.89,193.58,31.5
32,2,9,5,2,17.29,4279.71,14481.17,3.86,19.1,20.9
33,2,10,6,1,99.52,3266.9,11029.71,3.54,50.33,3.5
34,2,10,4,2,36.86,816.15,3103.94,3.01,113.37,24.86
35,2,11,6,1,28.69,3000.97,12784.78,3.61,18.04,29.08
36,2,11,4,2,5.53,4327.22,17233.17,2.53,59.74,8.65
37,2,12,9,1,79.25,180.11,649.84,3.24,122.78,4.36
38,2,14,2,2,72.72,1290.95,3329.33,3.91,109.0,20.11
39,2,15,2,2,55.86,4631.59,16582.25,3.82,48.27,2.94
40,3,1,10,1,20.03,4215.62,17429.49,4.16,194.95,28.87
41,3,1,8,2,67.23,1110.47,3070.03,4.37,49.36,19.45
42,3,1,4,2,85.11,4120.54,11171.1,4.42,141.75,17.98
43,3,1,4,2,10.67,1199.11,3180.08,3.71,193.82,13.73
44,3,2,1,1,52.76,4676.8,13602.56,3.93,53.86,6.1
45,3,2,6,1,34.61,1698.69,4817.94,3.52,106.59,8.56
46,3,2,1,2,55.0,1640.0,4362.63,3.82,89.74,28.99
47,3,2,3,2,98.19,2413.4,10550.54,2.51,47.87,30.4
48,3,3,5,1,64.71,1675.96,4618.25,3.91,129.56,17.51
49,3,3,7,1,12.39,4253.44,16145.8,3.85,186.05,29.88
50,3,3,2,1,95.39,1231.26,3680.19,4.35,91.22,24.74
51,3,3,1,1,41.46,985.65,3862.07,4.08,104.43,15.63
52,3,3,10,2,75.3,2870.76,11013.32,3.17,170.34,8.09
53,3,4,9,2,38.92,806.39,2361.03,3.33,108.98,17.22
54,3,5,7,1,41.12,1916.99,6617.47,3.77,17.45,33.97
55,3,6,7,1,41.83,4220.6,12505.08,3.91,44.53,18.78
56,3,7,7,1,94.95,4637.31,19650.62,4.14,69.31,32.37
57,3,8,4,2,34.0,3367.16,14194.15,3.16,58.36,37.86
58,3,8,9,2,45.07,484.56,1872.27,4.19,133.9,28.67
59,3,9,7,1,15.77,2836.06,8813.54,4.49,112.06,17.23
60,3,9,7,1,73.72,3038.38,7753.12,2.96,199.91,27.22
61,3,9,3,2,19.51,1663.63,5681.46,3.02,106.02,25.93
62,3,10,5,2,18.8,2947.97,12642.83,3.59,83.3,18.58
63,3,11,1,2,89.43,3537.3,11894.69,3.81,32.26,4.95
64,3,12,5,2,22.57,2176.73,6364.11,3.04,68.21,23.54
65,3,13,3,2,61.22,375.13,1144.16,3.77,76.8,24.3
66,3,14,6,1,83.66,2766.58,10940.36,3.56,155.46,10.27
67,3,15,8,2,60.6,2828.16,11120.44,3.9,44.87,23.98
68,3,15,3,2,94.76,3256.16,9143.11,4.37,102.27,11.66
69,3,15,4,2,17.62,4432.34,11867.38,3.92,89.88,11.34
70,4,1,2,2,96.96,3206.23,13648.98,3.96,189.5,9.45
71,4,4,8,2,32.48,3703.62,11916.64,3.68,189.56,22.98
72,4,5,3,1,52.03,3183.06,10091.5,4.14,134.89,9.76
73,4,5,6,2,47.88,621.77,2530.45,3.44,19.14,22.22
74,4,6,7,1,36.66,3399.99,11396.73,2.73,2.92,6.4
75,4,6,1,2,85.85,3254.53,12547.48,3.04,103.14,34.72
76,4,6,7,2,11.6,998.5,2559.79,3.78,131.93,21.51
77,4,7,1,1,67.85,1214.26,3326.8,4.28,116.2,2.55
78,4,7,6,1,35.96,2005.96,7366.21,3.54,183.92,22.43
79,4,7,10,2,98.78,1530.81,6772.39,3.88,169.22,8.77
80,4,7,2,2,48.78,2866.27,9677.46,3.72,122.66,34.64
81,4,8,3,1,62.25,4657.7,20931.45,3.75,71.75,7.0
82,4,8,1,1,59.93,1536.95,6088.75,3.65,156.24,36.95
83,4,8,1,1,89.68,4418.61,11843.46,3.15,143.96,5.82
84,4,8,10,2,99.19,2167.61,9735.58,4.32,32.64,37.38
85,4,8,3,2,52.3,1612.47,4058.32,3.85,116.62,13.69
86,4,10,4,1,60.06,390.77,1272.51,2.76,41.27,34.52
87,4,10,10,2,45.27,3647.73,15769.92,3.73,55.64,39.22
88,4,10,1,2,73.32,685.49,2244.85,3.7,101.32,16.0
89,4,11,3,1,53.76,3611.23,10357.98,4.18,145.69,30.85
90,4,11,2,2,19.47,270.85,915.33,3.03,113.29,6.89
91,4,11,4,2,95.55,1378.13,5465.85,3.25,37.39,16.63
92,4,12,9,1,3.45,3695.99,11695.48,4.36,54.09,31.71
93,4,13,4,1,87.26,4320.23,12201.4,2.79,84.5,13.07
94,4,14,1,1,27.42,2856.86,8461.51,2.96,72.49,27.84
95,5,1,2,1,20.41,4010.19,15948.86,3.45,36.14,20.48
96,5,2,8,1,16.12,4854.16,20967.4,3.16,42.14,6.4
97,5,2,1,2,1.76,1542.03,4506.53,2.77,58.6,5.68
98,5,2,1,2,50.43,3290.31,12732.49,3.01,193.34,26.03
99,5,3,5,2,6.53,4982.14,14641.63,4.19,71.61,33.73
100,5,4,2,1,48.65,4330.02,18640.24,2.83,197.08,11.34
101,5,4,10,2,27.72,4630.69,17950.05,2.94,168.73,31.26
102,5,5,3,1,78.23,4426.47,14663.81,3.74,185.23,10.23
103,5,6,6,1,23.69,4182.96,17454.11,3.21,24.86,4.06
104,5,6,7,2,40.72,377.63,1633.73,3.63,43.31,20.47
105,5,7,10,1,80.32,2268.09,9555.87,3.39,196.15,30.06
106,5,7,6,2,60.44,649.22,2900.51,4.07,107.02,26.8
107,5,8,1,2,75.49,3929.81,11663.7,2.98,180.89,8.57
108,5,9,4,1,64.03,3123.41,12042.4,3.94,126.02,36.23
109,5,9,5,1,68.85,889.03,2700.73,3.04,13.59,17.95
110,5,9,5,2,38.13,2773.68,11064.64,3.22,90.05,16.49
111,5,10,3,2,27.53,1931.0,7854.88,2.81,64.02,5.16
112,5,10,3,2,26.41,584.77,1463.42,3.27,193.85,35.5
113,5,11,9,2,1.28,4299.11,11991.83,2.76,159.9,5.29
114,5,12,2,1,97.48,4101.21,15285.81,3.79,122.19,26.66
115,5,14,3,1,33.7,2388.4,9224.92,2.77,81.97,37.47
116,5,14,10,2,38.91,792.92,3458.97,4.21,45.68,10.68
117,5,15,4,1,13.76,1948.57,7165.56,2.83,60.34,12.34
118,6,2,7,1,23.02,4092.1,13997.46,3.11,45.36,26.74
119,6,3,6,2,45.18,4982.01,15300.52,4.33,40.84,6.29
120,6,4,3,1,45.51,1604.46,4398.58,3.22,90.93,19.07
121,6,4,5,2,1.73,374.09,1436.76,4.05,167.3,9.02
122,6,6,2,1,14.09,400.6,1308.42,3.96,21.54,15.33
123,6,6,2,1,30.54,317.61,1336.66,2.77,69.19,39.5
124,6,6,8,2,30.75,3731.43,15105.06,3.14,121.39,4.48
125,6,7,9,2,31.12,3538.29,13115.04,2.93,30.52,28.74
126,6,7,4,2,41.98,3794.46,11212.73,2.62,163.86,17.33
127,6,9,8,1,70.25,3846.15,10906.06,3.71,155.78,7.39
128,6,10,3,1,45.38,1842.09,6792.4,3.4,189.14,2.69
129,6,10,10,1,36.93,2642.9,8637.46,4.08,76.36,15.84
130,6,10,10,2,69.87,3533.65,11637.24,2.98,155.33,15.85
131,6,12,3,1,17.47,1532.36,3919.62,3.15,59.38,15.62
132,6,13,9,1,12.43,579.83,2091.13,3.04,143.8,8.94
133,6,13,4,2,24.71,1242.31,4515.44,2.66,163.39,39.14
134,6,14,6,1,23.1,3695.53,14240.35,4.28,118.51,2.24
135,6,14,9,1,14.9,3598.44,14189.07,2.71,38.32,37.28
136,6,14,2,2,34.59,4315.28,12934.24,2.88,28.9,8.16
137,6,14,8,2,64.26,3132.91,8225.81,4.17,119.75,1.64
138,7,1,2,1,9.42,2534.02,10256.83,2.76,96.7,8.73
139,7,2,6,1,62.69,2989.92,7761.6,2.72,10.6,5.52
140,7,2,7,1,95.07,1151.64,4425.38,2.91,14.16,37.16
141,7,2,7,2,92.2,4317.44,15765.21,3.65,58.61,16.8
142,7,3,10,1,88.35,3288.59,11316.61,3.57,86.75,35.42
143,7,3,7,1,26.85,568.39,1809.54,4.28,146.67,22.33
144,7,3,1,1,52.24,4967.39,15417.21,3.1,43.75,13.28
145,7,3,5,1,32.61,2846.32,8976.33,3.9,11.05,29.53
146,7,3,10,2,58.38,3675.18,9850.46,3.09,35.95,6.15
147,7,3,8,2,79.32,4434.66,13885.77,3.12,197.84,22.18
148,7,3,9,2,86.74,1285.9,5044.32,4.16,98.4,23.52
149,7,7,2,2,51.8,3762.0,10608.74,2.56,7.92,3.62
150,7,8,1,2,19.64,3044.78,10665.06,4.42,21.6,36.07
151,7,8,9,2,42.13,2841.36,10278.89,3.85,144.93,16.44
152,7,9,5,1,75.05,332.97,1221.45,3.51,12.32,20.81
153,7,9,1,1,66.27,127.87,455.78,3.32,106.35,11.71
154,7,10,3,1,8.72,1118.71,3959.08,2.7,106.8,8.39
155,7,11,6,2,64.82,4887.97,13102.66,3.69,93.08,22.62
156,7,12,2,2,29.36,3577.51,14432.46,3.35,17.4,21.93
157,7,13,8,1,54.25,4919.96,12686.13,3.27,38.78,18.14
158,7,13,9,2,88.34,920.15,3992.78,4.49,157.8,8.27
159,7,14,4,2,70.67,2630.8,10942.27,4.17,116.15,23.24
160,8,1,4,1,30.7,2832.59,10298.36,3.3,12.95,32.74
161,8,3,10,1,96.44,351.09,1214.06,3.3,98.56,36.48
162,8,3,1,1,70.37,2123.19,9123.87,3.52,57.26,31.61
163,8,3,1,1,94.63,4110.13,15538.69,3.38,170.26,37.3
164,8,3,8,1,78.61,2577.21,10043.13,3.73,72.59,26.55
165,8,3,2,1,75.27,684.82,2432.12,3.35,100.99,16.35
166,8,3,5,2,71.48,4680.78,17623.92,2.9,137.64,36.93
167,8,4,5,1,33.77,2160.53,7397.89,4.1,38.09,26.64
168,8,4,4,2,32.53,1995.13,7447.82,4.19,101.96,20.88
169,8,4,2,2,54.17,505.13,1486.29,2.93,66.88,12.45
170,8,5,2,1,60.95,928.24,3994.42,3.7,19.54,26.72
171,8,5,8,1,62.91,935.54,3740.65,3.33,153.49,23.49
172,8,5,6,2,81.01,2713.96,9409.29,3.37,65.14,10.57
173,8,6,4,1,80.48,2255.51,5836.59,4.3,64.74,4.21
174,8,7,6,1,97.53,3156.29,11022.7,3.52,100.42,23.11
175,8,8,10,1,50.24,495.74,1629.24,3.41,43.81,14.76
176,8,8,7,2,25.67,4249.26,14502.4,4.1,190.06,35.77
177,8,9,4,1,87.54,2229.52,7919.04,3.41,82.59,26.54
178,8,9,8,2,15.21,2174.73,8110.91,2.98,38.28,27.06
179,8,9,5,2,43.93,3449.56,9546.93,4.49,72.49,8.35
180,8,11,9,1,64.34,950.72,4214.09,3.37,166.45,21.21
181,8,11,3,2,54.86,3942.74,13859.7,2.54,9.66,16.09
182,8,11,2,2,65.31,1285.58,3505.64,3.97,104.03,36.63
183,8,12,1,2,68.78,1459.15,5815.96,4.12,38.41,3.67
184,8,13,6,1,12.62,4584.85,14167.53,3.73,191.51,19.65
185,9,1,7,1,44.7,1131.78,3791.81,3.97,60.24,39.97
186,9,1,1,2,28.99,3437.85,11906.91,3.17,128.48,34.6
187,9,1,5,2,70.38,1353.58,4161.69,3.3,16.13,37.32
188,9,2,9,2,51.98,575.61,1717.32,2.75,50.34,4.78
189,9,2,5,2,68.04,1337.83,5995.29,2.56,171.07,22.68
190,9,3,7,2,79.06,1756.77,6967.14,3.76,27.55,14.74
191,9,4,6,1,89.53,3386.9,9248.5,3.98,9.76,34.65
192,9,4,1,2,56.76,3242.9,12301.9,4.43,193.18,17.79
193,9,5,3,1,59.03,4591.27,12166.75,4.49,180.6,18.29
194,9,5,6,2,99.6,4894.01,14935.33,2.62,175.86,35.73
195,9,6,1,2,58.11,3266.83,11685.05,4.46,71.67,27.25
196,9,7,8,1,3.48,4426.96,16038.06,4.33,129.88,25.78
197,9,7,2,2,27.18,661.76,2142.23,4.0,117.33,33.07
198,9,7,1,2,22.06,3300.84,9732.49,2.72,23.86,11.86
199,9,8,10,2,1.65,4416.07,14925.42,2.96,43.09,8.29
200,9,9,8,1,7.89,3323.25,13446.32,4.47,173.43,15.82
201,9,9,6,2,73.24,2704.33,12024.08,3.26,166.05,25.12
202,9,9,10,2,73.51,2755.47,11275.24,2.8,5.76,22.12
203,9,9,3,2,23.8,4065.3,16019.36,3.46,96.33,24.04
204,9,9,10,2,15.44,272.14,1125.66,2.9,32.04,29.41
205,9,10,8,1,37.47,2347.88,7733.65,4.35,49.15,20.06
206,9,11,9,1,11.18,1317.04,3749.61,2.81,36.25,31.14
207,9,11,2,2,4.21,809.52,2752.24,3.24,152.85,23.38
208,9,12,2,1,14.67,4325.96,11845.22,2.96,20.96,20.83
209,9,12,1,1,32.75,363.54,1612.05,4.14,105.29,20.4
210,9,12,2,2,5.48,303.23,1098.79,3.23,15.63,20.67
211,9,12,9,2,5.16,4778.8,12702.33,4.35,149.72,9.35
212,9,13,3,1,37.58,830.85,3462.56,3.91,133.9,22.63
213,9,13,7,1,22.56,609.0,2293.38,3.15,159.08,23.8
214,9,13,4,2,99.15,1657.04,5374.51,4.03,165.4,13.61
215,9,14,4,1,18.85,1110.25,4879.92,3.47,200.0,7.04
216,9,14,8,2,23.94,1358.57,4032.29,3.84,78.23,36.8
217,9,15,3,1,4.99,203.6,609.69,4.18,48.47,19.47
218,9,15,2,2,85.29,755.15,2165.76,3.73,39.67,8.07
219,10,2,6,1,37.14,4663.73,13522.95,4.49,136.66,22.45
220,10,2,6,1,99.8,2345.24,9575.26,3.16,12.15,31.25
221,10,2,1,1,57.62,2703.99,10228.62,3.91,104.61,18.61
222,10,3,1,1,57.71,1344.69,4328.7,2.97,93.61,7.23
223,10,3,3,1,37.91,2535.1,10910.77,2.86,190.86,3.69
224,10,4,1,1,83.37,4602.86,12318.45,4.19,87.7,16.62
225,10,4,9,1,94.92,3969.62,17550.98,3.8,141.73,22.92
226,10,5,3,1,36.01,3343.44,13375.66,4.24,193.71,24.42
227,10,6,9,1,47.0,3492.18,13142.72,4.12,143.49,37.8
228,10,6,10,1,97.52,2725.89,8299.87,3.39,118.58,18.81
229,10,6,10,2,6.31,1827.24,4603.12,2.77,192.8,20.71
230,10,9,1,1,82.02,1222.67,5199.42,4.47,83.3,11.73
231,10,9,4,2,84.95,3612.78,11201.95,3.12,65.91,28.19
232,10,9,3,2,92.0,1187.34,5108.58,3.88,54.95,37.04
233,10,10,3,1,64.97,243.75,954.34,4.48,73.42,36.8
234,10,10,8,2,74.83,4608.13,19787.6,2.54,62.88,33.87
235,10,11,6,1,30.11,4263.51,14671.05,4.23,94.97,8.59
236,10,11,2,1,93.09,646.68,2613.09,4.0,127.14,25.66
237,10,11,9,2,65.89,545.22,2038.59,4.3,97.69,13.81
238,10,12,5,1,70.01,3548.61,10012.32,4.43,161.07,33.11
239,10,12,3,2,96.33,746.75,3310.34,4.22,193.49,32.38
240,10,13,2,1,83.36,1664.95,5670.01,2.97,28.09,31.04
241,10,13,1,2,80.84,1736.76,4958.31,4.1,12.85,6.76
242,11,1,10,2,90.63,4238.21,11377.89,3.35,9.77,14.01
243,11,2,2,2,46.44,1130.13,3508.25,3.54,117.31,1.29
244,11,4,4,1,75.23,4373.63,17345.26,2.74,67.67,17.74
245,11,4,1,2,4.79,3003.03,9583.79,4.07,121.64,20.95
246,11,4,2,2,11.54,408.31,1261.07,4.39,175.35,32.71
247,11,4,6,2,1.01,4086.13,17144.96,3.19,107.48,27.82
248,11,5,2,2,45.75,3186.46,13575.12,2.69,139.25,35.22
249,11,5,6,2,15.84,3839.1,16505.73,4.11,132.45,27.55
250,11,7,4,2,9.16,3339.32,12682.14,2.6,145.47,30.45
251,11,9,7,2,47.58,3274.97,14187.65,2.86,127.32,20.18
252,11,9,10,2,95.78,1431.08,4432.05,4.38,154.46,28.49
253,11,9,2,2,88.88,3915.82,17141.66,4.0,83.38,8.17
254,11,10,5,1,94.75,4502.98,17151.26,2.94,149.1,12.98
255,11,10,1,2,60.08,4903.53,20424.46,3.09,36.71,1.55
256,11,10,1,2,34.0,2934.56,8166.46,3.2,26.66,28.64
257,11,12,5,2,63.05,1409.26,3741.54,3.07,67.83,35.83
258,11,12,10,2,23.59,2787.54,9061.89,2.87,18.05,25.13
259,11,13,5,1,66.15,937.8,3939.56,2.53,117.82,30.34
260,11,13,5,2,56.08,4633.32,13016.99,2.58,32.07,11.33
261,11,14,9,1,70.57,1579.47,5022.16,2.51,113.7,16.63
262,11,14,8,1,36.34,3915.17,16567.42,3.16,160.07,18.04
263,11,14,10,2,55.9,557.82,2338.26,4.2,17.69,7.25
264,11,14,10,2,94.57,379.66,1450.58,3.83,172.99,1.74
265,11,15,9,2,76.68,2473.41,9960.76,2.68,127.06,16.73
266,12,1,7,1,70.46,4070.87,15011.9,4.33,154.02,26.65
267,12,2,6,1,74.82,4117.41,15537.85,3.98,156.04,5.16
268,12,2,9,2,38.27,3784.36,13044.83,4.2,171.65,6.63
269,12,3,10,1,36.75,4723.9,18620.66,3.49,92.11,6.28
270,12,3,4,2,68.28,1691.24,5851.53,3.39,97.91,5.24
271,12,4,10,1,54.2,4599.85,20061.74,2.85,98.44,6.47
272,12,4,4,1,90.92,1411.16,4786.69,2.8,129.81,20.46
273,12,4,1,2,78.7,4076.97,16759.94,3.64,119.77,7.57
274,12,5,3,1,68.92,167.58,659.22,2.58,11.8,31.97
275,12,5,3,2,10.42,1106.43,2938.54,3.69,2.85,28.13
276,12,5,5,2,87.87,2140.81,5406.7,2.71,29.92,27.14
277,12,5,1,2,41.07,4540.01,12068.36,3.19,64.06,12.36
278,12,7,2,1,99.73,3154.77,13149.76,3.02,18.32,22.7
279,12,9,7,1,89.01,2750.61,10407.8,3.1,161.13,27.71
280,12,10,4,1,85.58,1434.17,4101.41,2.76,163.02,29.11
281,12,11,5,1,18.1,2381.52,10656.67,2.65,3.74,9.41
282,12,11,5,2,82.23,1450.05,4490.97,3.67,173.19,18.42
283,12,11,10,2,42.18,520.67,1746.08,3.83,190.76,27.79
284,12,11,9,2,28.42,467.03,1684.48,3.7,156.01,27.93
285,12,14,8,1,36.82,3794.39,14232.06,4.02,54.14,6.11
286,12,14,4,1,47.82,4571.48,14914.28,4.48,99.57,2.44
287,12,14,8,1,13.66,2982.12,8258.83,3.53,12.13,11.07
288,12,15,3,1,66.24,1803.77,5992.49,4.23,135.0,39.38
289,13,1,7,1,77.32,2643.71,11875.62,2.71,17.78,37.33
290,13,1,8,2,48.13,3573.62,12137.26,2.53,45.1,27.98
291,13,2,10,1,71.3,2247.07,6369.34,3.63,59.13,11.72
292,13,2,7,1,53.84,3666.76,16134.25,4.28,4.57,1.16
293,13,4,5,2,47.41,3265.36,9364.9,3.27,28.37,8.54
294,13,5,1,1,53.3,4889.6,21874.92,4.37,77.98,33.72
295,13,6,5,1,62.13,1212.11,4689.41,3.07,149.61,17.92
296,13,6,9,1,75.39,1637.14,5176.29,3.06,110.55,15.77
297,13,6,3,2,74.71,1335.86,4302.29,3.61,69.48,17.06
298,13,7,3,1,10.23,527.99,2100.13,4.12,117.71,22.9
299,13,8,8,1,55.58,1948.75,8464.86,3.52,172.94,11.77
300,13,8,8,1,32.8,3247.19,14014.46,2.68,107.5,29.2
301,13,8,9,1,79.7,887.87,3498.76,3.48,105.26,33.72
302,13,8,1,2,45.44,4624.56,16782.45,3.77,172.99,25.46
303,13,9,2,2,4.24,1884.12,6381.07,4.4,20.77,27.74
304,13,9,1,2,4.71,1413.3,3939.86,3.72,8.72,35.69
305,13,9,7,2,95.84,4247.65,13772.55,3.13,98.67,39.39
306,13,10,2,2,13.79,2686.28,7951.98,3.62,15.34,34.61
307,13,10,1,2,48.01,132.35,418.55,2.72,117.16,32.07
308,13,11,4,1,76.52,1917.19,8369.89,4.24,114.79,10.11
309,13,11,2,1,84.06,2813.8,12593.4,2.61,101.61,19.3
310,13,11,4,1,89.54,1381.93,6072.53,3.87,100.3,8.79
311,13,11,10,2,56.49,4675.7,18437.82,3.08,179.26,16.39
312,13,12,10,1,38.73,1468.29,5525.8,2.79,128.48,37.21
313,13,12,10,1,1.9,2180.65,6729.15,2.96,110.09,8.35
314,13,13,2,1,55.06,552.07,1909.6,4.23,33.37,3.87
315,13,13,8,1,93.38,1686.49,4225.46,3.84,167.21,27.09
316,13,13,9,2,47.33,1004.42,2737.34,2.82,130.01,29.03
317,13,13,1,2,9.73,1352.31,4383.74,3.72,186.21,16.63
318,13,14,6,2,18.82,720.37,2725.2,3.96,75.52,35.76
319,13,15,1,2,78.02,4165.92,18522.68,3.22,59.77,2.54
320,14,1,6,2,85.28,3573.46,15561.16,3.78,102.24,5.73
321,14,2,8,1,46.6,817.85,2352.92,4.25,7.41,26.75
322,14,2,2,2,17.16,3698.73,12129.79,3.26,16.76,25.39
323,14,3,9,1,30.98,2690.72,9431.37,2.84,35.07,25.35
324,14,3,5,1,27.89,590.67,2351.92,2.98,134.3,21.71
325,14,3,9,1,57.0,3874.11,13523.07,3.52,54.31,22.18
326,14,3,1,2,61.49,686.88,1850.02,3.25,112.01,15.26
327,14,3,9,2,68.05,4575.14,18712.48,3.96,191.52,1.43
328,14,4,2,1,37.73,4749.43,18489.38,3.58,177.2,26.54
329,14,4,1,1,32.94,3222.47,8768.11,3.55,9.71,37.57
330,14,4,8,2,66.83,1926.77,7699.89,2.85,81.81,33.52
331,14,4,6,2,97.46,2789.13,10863.2,2.75,21.41,1.48
332,14,4,3,2,1.5,3003.44,10735.21,4.39,42.8,29.92
333,14,5,10,1,88.28,2407.5,6398.92,4.31,100.92,36.12
334,14,5,10,1,36.49,1535.96,4362.09,3.82,59.46,19.36
335,14,5,8,1,31.59,3540.43,12560.07,2.77,131.59,23.03
336,14,5,4,2,26.89,2588.44,9045.44,2.7,152.56,13.49
337,14,7,1,1,78.66,4325.4,10920.26,3.33,145.24,22.82
338,14,7,1,2,91.19,2067.78,7035.11,3.31,4.36,27.26
339,14,8,7,1,28.7,729.32,2114.24,4.27,126.52,32.28
340,14,9,9,2,68.2,2801.46,7266.34,3.19,157.38,13.43
341,14,11,10,2,38.31,4785.59,16363.5,3.57,135.5,34.84
342,14,11,6,2,46.36,4373.66,17814.36,3.75,23.39,6.84
343,14,12,9,2,66.32,4736.9,13406.63,3.56,192.91,37.23
344,14,12,3,2,49.3,1617.86,5851.32,3.79,161.3,18.11
345,14,13,4,2,50.68,1399.01,3957.92,4.33,193.51,12.51
346,14,13,4,2,40.42,989.55,2715.64,4.2,19.24,9.27
347,14,13,1,2,35.4,4086.8,12066.65,4.43,186.01,23.42
348,14,14,10,1,32.14,1650.21,7327.54,3.31,131.87,22.16
349,14,14,1,1,75.84,2948.76,11505.37,2.65,58.68,27.75
350,14,14,9,1,28.93,668.94,2258.9,2.52,30.99,20.25
351,14,15,3,1,11.09,3979.36,10915.01,2.62,27.01,33.12
352,15,2,9,1,1.32,3624.36,14277.66,4.44,102.03,5.15
353,15,2,10,2,41.67,2076.7,7579.54,2.75,128.83,18.55
354,15,2,1,2,25.58,4333.27,12217.22,3.15,38.78,7.21
355,15,3,8,1,78.79,3052.97,9600.06,3.38,102.72,31.96
356,15,3,8,1,72.41,1611.96,6424.89,4.4,39.12,29.81
357,15,3,1,1,95.29,2596.35,11165.11,4.13,192.59,31.64
358,15,4,2,1,64.52,3401.83,8970.02,3.63,88.58,29.17
359,15,4,9,2,93.54,1166.08,5124.88,3.54,169.34,10.77
360,15,5,1,2,47.85,2678.06,8974.2,3.99,71.01,18.7
361,15,5,9,2,2.25,729.2,1839.55,3.49,105.08,31.54
362,15,6,5,1,20.69,1900.87,5366.34,4.41,120.19,20.06
363,15,6,6,1,37.34,53.56,202.25,3.26,176.7,25.17
364,15,6,3,2,77.32,4183.84,17853.97,2.58,175.4,25.1
365,15,7,1,1,92.96,2900.19,12517.37,3.25,16.12,27.93
366,15,8,4,1,1.92,3124.74,11330.27,2.7,101.67,6.17
367,15,8,10,1,34.73,4829.21,14511.57,4.22,164.6,16.63
368,15,8,5,1,43.59,3975.83,10849.36,3.81,86.58,35.64
369,15,8,3,1,6.93,2226.05,7721.06,2.91,63.2,29.02
370,15,8,9,1,8.37,4814.25,19113.34,2.74,86.27,22.71
371,15,8,10,2,3.86,3168.61,12986.95,3.92,110.62,22.54
372,15,8,10,2,33.86,3713.06,10856.06,3.59,110.21,25.3
373,15,9,1,2,44.48,2370.05,7366.55,3.31,100.59,20.26
374,15,10,7,1,39.37,4785.67,21304.11,3.13,3.58,10.8
375,15,10,1,1,56.99,1854.24,5808.72,3.36,63.33,31.64
376,15,12,6,1,17.48,1507.38,6539.11,3.88,93.25,26.2
377,15,12,2,2,54.28,3686.44,15113.43,4.3,44.66,18.0
378,15,13,7,2,30.54,3033.78,13217.91,3.17,197.83,22.19
379,15,13,4,2,63.29,258.82,1132.3,3.54,96.76,12.65
380,15,14,5,1,67.73,4040.53,17453.26,2.71,105.35,10.4
381,15,15,5,1,51.44,3751.83,11597.22,2.61,99.48,5.4
382,15,15,6,2,16.26,2144.48,6978.1,3.4,116.87,21.84
383,16,1,4,1,39.23,453.95,1338.73,3.14,168.0,26.35
384,16,1,9,2,97.89,4182.37,16781.17,4.46,135.03,22.23
385,16,2,4,1,60.19,3956.67,15014.02,2.63,112.03,16.08
386,16,3,8,1,74.02,2243.64,6176.34,3.55,6.69,26.88
387,16,3,7,2,86.64,3902.64,17355.84,4.32,166.73,36.21
388,16,4,5,1,3.87,1004.18,4183.27,4.17,7.58,2.97
389,16,5,2,1,59.18,4496.22,11940.5,3.0,103.76,14.76
390,16,5,1,2,56.56,4985.54,17691.17,2.98,155.58,13.61
391,16,6,10,2,24.48,2881.02,10514.64,4.49,5.37,33.37
392,16,8,2,1,15.61,3453.73,14800.34,4.22,155.91,9.53
393,16,8,1,1,50.97,1149.32,3539.41,3.29,67.9,19.56
394,16,9,1,1,3.68,3231.61,8956.08,3.42,52.77,13.77
395,16,10,10,2,34.56,974.75,3786.06,3.23,160.43,29.36
396,16,11,6,2,96.72,1431.67,5415.96,3.3,187.91,5.5
397,16,11,1,2,90.88,4194.09,15317.83,3.35,95.95,10.07
398,16,12,10,1,74.02,215.88,738.67,4.04,95.09,27.58
399,16,12,8,1,96.91,2926.33,11358.56,3.88,74.91,4.49
400,16,12,8,2,55.66,2809.94,8029.23,3.62,51.5,12.96
401,16,13,1,1,26.22,3558.49,8908.26,4.35,73.48,3.73
402,16,13,3,2,17.08,1240.34,5171.35,3.28,77.39,29.85
403,16,14,8,1,72.99,699.47,2775.6,3.68,25.51,28.73
404,16,14,1,2,45.51,2176.29,5460.09,2.93,150.71,32.54
405,16,15,10,1,71.96,583.44,1942.24,4.35,154.66,18.57
406,16,15,2,1,97.68,543.04,1700.21,4.23,38.1,20.53
407,16,15,1,2,85.86,712.71,2496.09,2.68,100.93,26.84
408,17,1,7,1,25.49,2670.61,8458.19,3.29,4.66,27.69
409,17,2,3,1,26.02,3524.25,10259.06,3.87,60.92,26.8
410,17,2,6,2,75.74,613.4,2060.92,3.07,105.86,13.03
411,17,3,2,1,95.77,4977.34,17975.85,3.94,38.79,9.49
412,17,3,2,1,85.22,4009.5,15226.85,4.09,27.37,29.33
413,17,3,9,1,89.96,4804.15,12044.32,4.03,92.27,34.36
414,17,3,4,2,44.47,4970.09,20135.14,2.97,172.35,24.8
415,17,4,10,1,55.58,1754.03,7323.61,3.02,57.73,16.08
416,17,4,6,2,25.42,2828.77,8558.4,3.67,73.04,39.9
417,17,4,4,2,18.86,450.02,1424.43,4.47,127.27,1.18
418,17,5,4,1,37.65,1087.06,3298.09,4.37,122.22,7.67
419,17,6,4,1,54.03,4155.56,10817.23,3.25,174.85,8.34
420,17,6,1,1,69.1,4340.54,18556.56,3.36,121.98,33.15
421,17,6,2,2,8.94,4822.51,20491.36,2.77,24.61,39.72
422,17,6,6,2,33.4,2787.8,7013.93,2.9,148.18,10.46
423,17,7,1,1,74.21,4330.97,17258.16,3.62,102.67,32.08
424,17,7,3,2,22.95,1739.72,7236.83,4.43,109.99,15.58
425,17,8,4,2,1.24,3881.97,15393.75,3.96,127.33,28.19
426,17,10,1,1,42.17,2768.71,9528.95,3.58,152.61,27.53
427,17,10,2,1,17.51,942.96,3114.7,3.18,107.25,24.4
428,17,10,8,2,79.97,4164.84,10988.17,4.2,134.92,6.43
429,17,11,4,2,28.55,4758.46,15908.15,4.17,4.86,22.04
430,17,11,4,2,81.84,4229.37,13381.5,4.03,143.61,15.17
431,17,12,7,1,56.24,4694.31,15641.0,3.24,164.9,11.37
432,17,13,6,2,41.42,741.9,3258.81,3.11,24.11,10.16
433,17,13,5,2,83.27,503.98,2177.7,4.13,186.16,17.18
434,17,13,7,2,41.86,2111.71,7517.65,3.28,41.46,26.22
435,17,15,3,1,80.99,4287.04,11557.08,3.8,193.83,37.13
436,17,15,5,1,75.68,3891.51,10819.45,4.49,163.34,29.53
437,17,15,2,1,48.96,2606.68,8466.03,2.61,14.06,28.67
438,18,1,10,2,6.4,68.89,184.3,4.15,40.74,2.0
439,18,1,9,2,1.43,3694.26,13323.17,3.37,184.95,31.46
440,18,2,1,1,19.03,1625.17,6691.82,3.72,187.4,6.49
441,18,2,5,1,64.31,1582.82,5056.06,3.58,88.93,15.27
442,18,3,10,2,56.75,3861.34,15503.07,4.42,136.64,35.96
443,18,3,7,2,22.85,3603.33,9102.63,4.34,185.75,33.45
444,18,4,5,1,33.04,2368.55,10031.58,3.7,14.71,7.05
445,18,4,8,2,64.15,2324.87,8912.81,4.3,180.34,27.43
446,18,5,8,1,12.36,1162.81,3253.52,3.03,15.21,7.47
447,18,5,1,1,12.91,3798.08,10808.42,4.47,161.88,5.92
448,18,6,7,1,46.67,2770.84,8537.8,2.63,40.29,23.64
449,18,6,10,2,89.52,3823.16,9909.19,3.75,4.24,37.25
450,18,7,5,1,64.08,2002.04,7375.1,2.62,48.12,11.18
451,18,7,3,1,41.94,1858.07,5353.06,3.19,154.17,7.6
452,18,8,10,1,78.03,2539.39,8474.76,2.82,160.45,6.4
453,18,9,3,2,16.4,3784.46,9837.8,2.66,132.73,19.94
454,18,9,1,2,92.57,2835.28,7660.87,3.07,175.7,11.3
455,18,10,5,1,48.46,4353.9,13784.14,4.41,43.15,8.41
456,18,10,5,1,35.15,171.59,464.85,3.33,24.1,37.69
457,18,10,1,1,97.81,3365.73,10691.58,3.55,87.14,29.34
458,18,15,10,1,31.6,2477.66,6641.4,2.97,4.97,19.64
459,18,15,8,1,81.3,504.93,1666.07,4.34,144.99,31.92
460,19,1,7,1,58.67,783.06,2157.24,3.12,179.89,9.19
461,19,1,10,2,75.82,4312.46,12099.39,2.82,119.69,16.01
462,19,2,8,1,50.68,3076.82,10594.14,4.2,141.45,21.23
463,19,3,3,2,46.08,2291.2,8937.85,3.48,4.86,2.94
464,19,4,7,2,91.82,2388.65,9942.09,4.02,90.27,1.2
465,19,4,1,2,1.56,2358.34,10317.71,2.58,119.78,31.17
466,19,5,6,1,74.38,2780.82,9330.69,2.52,189.07,27.95
467,19,7,10,2,34.52,3478.89,13218.65,4.2,190.87,25.45
468,19,7,4,2,5.23,2331.92,6613.27,3.65,99.73,15.93
469,19,7,5,2,72.63,551.39,1660.67,2.96,53.56,2.95
470,19,8,3,1,44.78,1548.96,4723.32,2.61,62.77,18.62
471,19,8,10,1,88.87,2231.41,5861.18,3.81,141.21,27.44
472,19,10,7,2,74.87,1114.91,3723.43,3.18,63.02,13.65
473,19,10,6,2,5.35,1195.79,5011.57,3.33,92.23,30.17
474,19,10,9,2,54.71,3202.54,12556.22,4.02,116.98,37.76
475,19,10,7,2,58.72,3334.47,8626.15,2.84,40.94,28.16
476,19,11,6,2,46.08,1073.99,3722.29,3.45,144.68,18.65
477,19,11,3,2,31.23,956.07,3716.12,3.52,119.69,23.42
478,19,12,3,2,86.21,4804.77,15601.96,4.38,117.62,14.13
479,19,13,2,1,68.97,4306.81,11513.72,2.7,118.33,15.98
480,19,15,5,2,57.03,3972.97,11283.1,2.66,124.32,10.39
481,19,15,1,2,40.74,249.26,642.55,3.93,104.35,6.81
482,20,1,6,2,16.02,4491.02,17128.14,2.68,104.62,27.44
483,20,2,4,1,68.24,2051.37,5805.56,3.43,196.16,21.83
484,20,2,4,1,38.61,4317.88,14596.36,3.36,60.79,24.53
485,20,2,4,2,54.91,2449.16,10593.48,3.5,54.82,2.02
486,20,3,10,2,76.37,556.05,1487.21,3.36,21.56,4.5
487,20,4,7,1,79.21,1227.76,3864.43,2.85,26.22,17.42
488,20,4,8,2,25.91,3732.18,14926.78,2.92,21.5,3.49
489,20,5,10,1,26.68,2121.9,6952.51,2.57,69.29,28.82
490,20,6,1,2,41.11,2970.68,12811.38,3.6,131.13,6.8
491,20,7,6,2,51.56,2618.05,9584.78,3.65,75.45,19.06
492,20,7,2,2,4.55,2768.04,11492.4,4.08,178.13,22.93
493,20,8,3,1,7.69,3186.63,14302.86,3.85,160.23,17.08
494,20,8,9,2,18.15,4014.28,11832.25,3.72,142.84,28.67
495,20,9,5,1,59.26,85.59,335.14,2.62,181.18,34.53
496,20,9,10,1,96.74,3925.37,15906.87,3.66,117.12,7.65
497,20,10,8,1,8.23,2147.3,8376.12,3.58,186.98,3.69
498,20,10,4,2,57.21,3798.55,10829.63,4.21,165.57,21.1
499,20,11,7,1,38.25,3703.51,11536.51,2.91,84.54,38.49
500,20,12,9,1,42.84,1425.46,4177.49,4.03,19.46,4.77
